date,title,hook,mechanic,evidence,source_urls,source_ids,theme,date_type,date_reason,preparation,editorial_dependency,broad_122,production_ready
01.01,Ёлочная игрушка: история страны на одной ветке,Как на домашней ёлке встретились дореволюционный ангел и советская ракета?,"Передвигать шкалу времени: меняются украшения на ёлке и семейная обстановка. Сопоставить две эпохи и увидеть, как общий праздник менялся вместе со страной.","Россия, городской и семейный быт XIX–XX вв. История смены рождественской и новогодней игрушки подтверждена обзором; отдельные музейные игрушки ещё выбрать.",https://www.culture.ru/materials/252999/istoriya-elochnoi-igrushki,tree,Праздник и город,К,Новый год,Нужны две атрибутированные игрушки разных эпох и семейные фотографии; не выдавать модель ёлки за документальный снимок.,Запись/альбом/описание; проверить локальность и пригодность,False,False
02.01,Дом Ошевневых: хозяйство под одной крышей,"До скотного двора можно дойти, не выходя под снег. Как жила семья в таком доме?","Проложить по плану путь из зимней избы в хозяйственную часть. Открывающиеся помещения показывают, как дом помогал вести хозяйство в холодное время.","Русские Заонежья; д. Ошевнево, 1876 г. Музей «Кижи»: дом-комплекс с жилой и хозяйственной частями; интерьер представляет быт конца XIX — начала XX в.",https://site.kizhi.karelia.ru/architecture/russkie-zaonezhya/dom-oshevneva-iz-d-oshevnevo,house,Дом и хозяйство,У,зимняя жизнь дома,Есть музейное описание. Для сцены нужны разрешённые план и изображения интерьера; рассказ — о быте семьи.,Запись/альбом/описание; проверить локальность и пригодность,False,False
03.01,"Железный цветок, который освещал вечер",У этого цветка горели три бутона. Зачем под него ставили корыто с водой?,Разместить лучины в зажимах цифровой модели светца и подставить корыто. Схема показывает свет и путь падающих угольков; посетитель раскрывает назначение деталей.,"Светец XVIII в., Государственный Русский музей. Три держателя лучин и установка в корыто описаны в карточке; место изготовления не названо.",https://ar.culture.ru/ru/subject/svetec-18,light,Дом и свет,У,длинный зимний вечер,Есть фотографии и атрибуция. Освещение — учебная визуализация без выдуманных замеров яркости.,Есть адрес предметной карточки; сверить содержание и медиа,False,False
04.01,Ухват: достать ужин из глубины печи,"Горшок раскалён, а ручек нет. Как поставить ужин на стол?",Подобрать ухват к форме чугунка и провести его по схеме печи. Неподходящий размер не удерживает посуду; правильный позволяет понять работу инструмента.,"Ухват, Вологодская губерния, вторая половина XIX в.; РЭМ. Карточка подтверждает назначение и применение разных размеров ухватов.",https://ar.culture.ru/ru/subject/uhvat-27,fork,Еда и домашний труд,У,зимняя кухня,"Нужен сопоставимый чугунок и схема операции; материал об инструменте, без кулинарной или пожарной инструкции.",Есть адрес предметной карточки; сверить содержание и медиа,False,False
05.01,"Валенок: обувь, которую не шьют","Ни подошвы, ни шва — а получился сапог. Что сделали с обычной шерстью?",Последовательно менять состояние шерсти в учебной модели валяния: рыхлое волокно превращается в плотную форму. Рядом открывается запись работы мастера.,Арзамасский уезд: валяльный промысел XIX в. и его музейная передача сегодня. Музейное описание подтверждает мокрое валяние; конкретная историческая пара пока не выбрана.,https://www.culture.ru/events/6386470/interaktivnoe-zanyatie-izgotovlenie-suvenirnogo-valenka,felt,Одежда и мастерство,У,зимняя одежда,Нужны исторический валенок и проверенная запись процесса. Дата мероприятия не является датой возникновения ремесла.,Запись/альбом/описание; проверить локальность и пригодность,False,False
06.01,Рождественский сочельник: последний постный вечер,До Рождества — одна ночь. Почему праздничный стол ещё остаётся постным?,Переключить два состояния одного стола — канун и праздник. Вещи и блюда раскрываются с пояснениями о посте и ожидании; местное меню собирается по одному свидетельству.,Русская праздничная традиция. РЭМ: Рождественский пост завершается 24 декабря старого стиля / 6 января современного календаря. Конкретное село и меню требуют выбора.,https://ethnomuseum.ru/collections/podkasty/shangina/,holidays,Праздник и еда,К,"канун Рождества, 6 января",Выбрать локальное описание трапезы; не составлять единый «древнерусский рецепт» из разных мест.,Запись/альбом/описание; проверить локальность и пригодность,False,False
07.01,"Рождественская звезда, которую носили по деревне",Звезда была не только на ёлке: с ней стучались в соседские двери. Зачем?,"Проследить на схеме путь христославов от дома к дому; у остановок раскрываются звезда, участники и поздравление. Узнать смысл совместного обхода.",Русские; обряд славления Христа со звездой описан И. И. Шангиной в цикле РЭМ. Локальная запись и исторический предмет ещё подбираются.,https://ethnomuseum.ru/collections/podkasty/shangina/,holidays,Праздник и соседство,К,"Рождество, 7 января",Нужны фотография звезды и местное свидетельство. Аудиофрагмент выбирать отдельно; видео по ссылкам не заявлено просмотренным.,Запись/альбом/описание; проверить локальность и пригодность,False,False
08.01,Бабьи каши: поблагодарить за рождение,"После Рождества чествовали женщину, которая помогла тебе появиться на свет. Чем её благодарили?","Развернуть схему связей ребёнка, родителей и повитухи. Подарки и совместная трапеза открывают её место в жизни семьи; два местных варианта показываются раздельно.","РЭМ подтверждает праздник повитух и рожениц, подарки и угощение кашей. Обзор говорит о разных губерниях, не называя одного села; локализацию уточнить.",https://ethnomuseum.ru/collections/ethnocalendar/january/sukkot7/,bab,Семья и взаимопомощь,К,"второй день Рождества, 8 января",Нужен один региональный пример с вещью или изображением. Медицинские действия в сценарий не входят.,Запись/альбом/описание; проверить локальность и пригодность,False,False
09.01,Колядование: песня у соседского порога,За пожелание доброго года открывали дверь и давали угощение. Что связывало хозяев и певцов?,Собрать маршрут обхода и сопоставить благопожелание с ответом хозяев. Голос и предметы раскрывают обмен поздравлениями и дарами между соседями.,"Русские; РЭМ описывает обходы с благопожелательными песнями в рождественский, новогодний и крещенский кануны. Название песни и её регион ещё выбрать.",https://ethnomuseum.ru/collections/podkasty/shangina/,holidays,Речь и соседство,У,святочный период; не отдельный праздник 9 января,Нужна одна локальная колядка с исполнителем и датой записи; не смешивать христославление 7 января с этой формой обхода.,Запись/альбом/описание; проверить локальность и пригодность,False,False
10.01,"Архангельская козуля: подарок, который можно съесть",Почему рождественское пожелание в Архангельске можно было подарить в виде пряника?,Сравнить объёмную фигурку и силуэтный пряник; собрать собственный силуэт по музейному образцу. В ответ открывается история перехода от одной формы выпечки к другой.,"Архангельск, северная традиция XIX–XX вв. Музей козули показывает воссозданные силуэтные образцы начала XX в.; зимняя приуроченность подтверждена музейной экскурсией.",https://www.culture.ru/institutes/88164/muzei-arkhangelskogo-pryanika-kozuli ; https://www.culture.ru/events/5182957/ekskursiya-arkhangelskaya-kozulya-tradicii-i-sovremennost,kozuli ; kozuliwinter,Еда и подарок,У,рождественская выпечка,Развести старинный оригинал и воссозданный образец; выбрать изображение конкретной формы. Значения каждого силуэта не выдумывать.,Запись/альбом/описание; проверить локальность и пригодность,False,False
11.01,Сани-ходок: выйти в свет на полозьях,"Бархатное сиденье, бахрома, меховой полог. Зачем саням столько наряда?","Поворачивать цифровой вид саней, поочерёдно открывая сиденье, полозья и полог. Снарядить пассажира для зимней поездки и увидеть связь удобства и представительности.","Сани-ходок конца XIX — начала XX в.; собрание Музея Ф. М. Решетникова, Екатеринбург. Место изготовления в карточке не приведено; хранение не выдаётся за происхождение.",https://ar.culture.ru/ru/subject/hodok-starinnaya-povozka-na-polozyah,sleigh,Дорога и городской быт,У,зимняя дорога и гулянье,Есть атрибуция и описание; для вращения нужны дополнительные ракурсы либо подписанная схема.,Есть адрес предметной карточки; сверить содержание и медиа,False,False
12.01,Парень в картузе: мода пришла в деревню,"Кумачовая рубаха, жилет и картуз: что выдавало деревенского модника?","Сопоставить два атрибутированных мужских комплекта; включать слой покупных тканей и новых деталей. Увидеть, как торговля и городская мода меняли деревенский наряд.",Калужская губерния; костюм парня брачного возраста описан в альбоме РЭМ. Основной массив альбома: середина XIX — первая треть XX в.; датировки отдельных вещей уточнить.,https://collection.ethnomuseum.ru/entity/ARTICLE/2311,costume,Одежда и взросление,У,одежда для встречи и гулянья,Выбрать предметы именно названного комплекса; не соединять вещи разных губерний в один «правильный костюм».,Запись/альбом/описание; проверить локальность и пригодность,False,False
13.01,Кольцо под блюдом: о чём спрашивали будущее,"Кольцо вытаскивают наугад, а смысл даёт песня. О чём девушки хотели узнать?",Сопоставить предмет из блюда с документированным песенным сюжетом и жизненным ожиданием. Меняется объяснение обряда; личное предсказание посетителю не создаётся.,"РЭМ описывает подблюдные гадания в канун Васильева дня: вещи участников, закрытое блюдо и песни. Это свидетельство поверий; локальный песенный текст ещё выбрать.",https://ethnomuseum.ru/collections/ethnocalendar/january/sukkot8/,vasil,Обряд и взросление,К,"Васильев вечер, 13 января","Нужен конкретный местный текст и его запись. Сценарий исследует обычай, не обещает предсказать судьбу.",Запись/альбом/описание; проверить локальность и пригодность,False,False
14.01,Васильев день: посев среди зимы,"На улице снег, а зерно разбрасывают прямо в доме. Какого урожая здесь ждут?","Соединить зерно, поздравительный обход и будущий хлеб в движущейся схеме. Действие раскрывает пожелание достатка; виртуальный урожай не изображает реальное действие обряда.","РЭМ: утреннее посевание на Васильев день, зёрна злаков, поздравления и ответные дары. 14 января соответствует 1 января юлианского календаря в XX–XXI вв.",https://ethnomuseum.ru/collections/ethnocalendar/january/sukkot8/,vasil,Праздник и земледельческий год,К,"Васильев день, 14 января",Локализовать один вариант обряда; не называть бытовую традицию магическим фактом.,Запись/альбом/описание; проверить локальность и пригодность,False,False
15.01,"Ряженые: сосед, которого нельзя узнать","Тулуп вывернут, лицо скрыто. Почему знакомый человек должен был стать неузнаваемым?",Менять детали ряженья на подписанной реконструкции: силуэт и облик постепенно скрывают привычного человека. Объяснение связывает маску с особым временем праздника.,"РЭМ, цикл И. И. Шангиной: маски, вывернутые тулупы, святочные игрища и временное изменение норм поведения. Региональный вариант пока не выбран.",https://ethnomuseum.ru/collections/podkasty/shangina/,holidays,Праздник и совместная игра,У,вторая неделя Святок,Подобрать историческое изображение из конкретной местности; не собирать фантазийную маску из несвязанных традиций.,Запись/альбом/описание; проверить локальность и пригодность,False,False
16.01,Коруна: крестьянская девушка в жемчужном венце,Драгоценный венец — у деревенской девушки. Как его делали и когда надевали?,"Раскрыть головной убор по слоям: основа, шитьё, украшения. При добавлении слоя меняется вид; посетитель понимает труд, скрытый за праздничным блеском.","Русские Заонежья и Пудожья; музей «Кижи» описывает коруну и местные названия «козырёк», «жемчуга». Для дня выбирается русский вариант, не весь многоэтничный ряд.",https://site.kizhi.karelia.ru/crafts/izgotovlenie-koronyi,koruna,Одежда и мастерство,У,праздничный девичий наряд,Нужен конкретный русский экспонат с датой и историей бытования; современные материалы реконструкции обозначить отдельно.,Запись/альбом/описание; проверить локальность и пригодность,False,False
17.01,Парадная зала: деревенский дом встречает город,За бревенчатыми стенами — парадная зала. Как деревенская семья показывала связь с Петербургом?,Сравнить зимнюю избу и залу; по вещам раскрывать повседневные занятия и приём гостей. Смена комнаты показывает разные стороны жизни состоятельной семьи.,"Русские Заонежья, дом Ошевнева. «Кижи»: зала — музейная реконструкция образа состоятельной семьи с торговыми и родственными связями с Петербургом; открыта в 2016 г.",https://site.kizhi.karelia.ru/info/about/pressrelease/2016/10254.html,room,Гостеприимство и обмен,У,зимнее гостевание,Не называть всю обстановку личными вещами Ошевневых. Нужны разрешённые изображения двух помещений.,Запись/альбом/описание; проверить локальность и пригодность,False,False
18.01,Крещенский сочельник: вещи для особой воды,"Крест, ковш и ведро встретились на одной выставке. Что связывает их с зимним праздником?","Проследить путь воды от водосвятия к дому и рассмотреть назначение предметов на каждом участке. Изменяется предметная схема, раскрывая подготовку к празднику.",РЭМ: выставка о крещенской воде включает крест и утварь для воды. Этнокалендарь подтверждает подготовку и водосвятие в сочельник; атрибуции конкретных сосудов уточнить.,https://ethnomuseum.ru/events1/exhibitions/past/vystavka-krewenskij-sneg-krewenskaya-voda/ ; https://ethnomuseum.ru/collections/ethnocalendar/january/kresch/,waterthings ; baptism,Праздник и предметный быт,К,"канун Крещения, 18 января","Нужны каталожные карточки выбранной утвари; веру в свойства воды описывать как веру, не медицинское свойство.",Запись/альбом/описание; проверить локальность и пригодность,False,False
19.01,Иордань: когда вся деревня шла к воде,Почему зимняя прорубь получила имя далёкой реки?,"Раскрыть на историческом изображении место водосвятия, участников и предметы. Схема связывает название «иордань», евангельский сюжет и местный праздничный обычай.","РЭМ: прорубь-иордань и общественное водосвятие; Крещение завершает Святки. Источник обзорный, конкретную местную фотографию и её дату ещё подобрать.",https://ethnomuseum.ru/collections/ethnocalendar/january/kresch/,baptism,Вера и община,К,"Крещение, 19 января",Выбрать фотографию или рисунок с атрибуцией. Обряд объясняется без соревнования и инструкции по зимнему купанию.,Запись/альбом/описание; проверить локальность и пригодность,False,False
20.01,"Прялка, на которой поместилась семья","Семья пьёт чай, рядом колокольня и двуглавый орёл. Зачем всё это вырезали на прялке?","Приближать резьбу и находить сцены; затем отойти к целому предмету. Посетитель соединяет рабочую вещь с миром её создателя, отделяя увиденное от догадки.","РЭМ 468-1: первая половина XIX в.; Новгородская губерния по документации, ярославско-костромской тип «терем». Вырезана из цельного куска дерева; жанровые сцены описаны музеем.",https://collection.ethnomuseum.ru/entity/OBJECT/303042,distaff,Мастерство и семейная жизнь,У,зимнее рукоделие,Не придумывать имена семьи на резьбе. Есть карточка; качество изображений для глубокого приближения ещё проверить.,Есть адрес предметной карточки; сверить содержание и медиа,False,False
21.01,Как из кудели появляется нить,Прялка стоит неподвижно. Что же на самом деле превращает волокно в нить?,Управлять вытягиванием пряди и вращением веретена в учебной анимации. По изменениям скрутки понять разные задачи прялки и веретена.,"Олонецкая губерния; «Кижи» описывают крепление кудели, вытягивание волокна и скручивание веретеном. Для русского сценария выбирается пример Заонежья.",https://site.kizhi.karelia.ru/crafts/pryadenie,spin,Труд и материал,У,зимнее прядение,Нужна проверенная демонстрация русской местной техники. Не обещать физически точную модель прочности нити.,Запись/альбом/описание; проверить локальность и пригодность,False,False
22.01,Рубель: разгладить без горячего утюга,Эта ребристая доска не стирает. Как она расправляет жёсткое бельё?,Намотать виртуальную ткань на скалку и прокатить рубель. Анимация показывает действие рёбер и нажима; результат связывает форму вещи с трудом хозяйки.,"Рубель начала XX в., Музей Ф. М. Решетникова, Екатеринбург. Карточка описывает накручивание белья на скалку и прокатывание; точное место изготовления не указано.",https://ar.culture.ru/ru/subject/rubel-38,rubel,Домашний труд,У,домашняя работа зимой,Есть музейный предмет и описание; нужна запись операции. Не смешивать рубель с вальком для выколачивания белья.,Есть адрес предметной карточки; сверить содержание и медиа,False,False
23.01,Пояс: узор рождается между нитями,"Поднял дощечку, опустил — и нити поменялись местами. Как из этого получается пояс?","Поднимать и опускать бёрдышко, проводить челнок. На экране растёт короткий образец пояса; посетитель видит, как переплетение образует тканую полосу.","Русские Заонежья и Пудожья; «Кижи» прямо называют эти группы среди носителей ткачества на бёрдышке. Описаны отверстия, прорези и образование зева.",https://site.kizhi.karelia.ru/crafts/tkachestvo-poyasov-na-byordyishke,belt,Мастерство и одежда,У,зимнее рукоделие и одежда,Выбрать узор с музейного образца. Значение орнамента не выводить из его геометрии.,Запись/альбом/описание; проверить локальность и пригодность,False,False
24.01,"Понёва: клетка, по которой различали наряды",Перед нами русские женские наряды — а привычного сарафана нет. Что рассказывает клетчатая понёва?,"Сопоставить комплексы двух названных сёл, открыть крой и клетку понёв. Сравнение показывает местные различия без игры в угадывание происхождения человека.",РЭМ: комплексы с понёвой из с. Нижняя Ведуга Воронежской губ. и с. Свинушки Рязанской губ. Альбом подтверждает местные различия; даты выбранных вещей уточнить.,https://collection.ethnomuseum.ru/entity/ARTICLE/2311,costume,Региональные традиции,У,региональная одежда,Проверить карточки двух понёв. Не приписывать узору единый тайный код для всех русских.,Запись/альбом/описание; проверить локальность и пригодность,False,False
25.01,Татьянин день: город становится студенческим,Университетский праздник вышел на московские улицы. Что делало чужих людей «старыми студентами»?,"Двигаться по документированному маршруту праздничного дня: университет, встреча выпускников, гулянье. Из свидетельств собрать историю студенческого сообщества.","Москва, XIX–XX вв.; летопись МГУ и календарь РЭМ. 25 января — современная дата праздника; 12 января 1755 г. старого стиля при историческом пересчёте — 23 января.",https://letopis.msu.ru/content/tatyanin-den ; https://ethnomuseum.ru/collections/ethnocalendar/january/tatyanin-den/,student ; studentdate,Город и сообщество,К,"студенческий праздник, 25 января",Отделить дату основания от современной даты празднования; выбрать свидетельство для каждого места маршрута.,Запись/альбом/описание; проверить локальность и пригодность,False,False
26.01,Самовар: горячая вода собирает гостей,"Вода окружает огонь, но не гасит его. Что спрятано внутри самовара?","Открыть разрез угольного самовара и проследить путь тепла к воде, затем перейти к сервировке. Устройство вещи связывается с совместным чаепитием.",Тула; музей «Тульские самовары» объясняет устройство настоящего угольного самовара через демонстрацию. Исторический экспонат и датировку для календаря ещё выбрать.,https://museum-tula.ru/muzei/muzej-samovar/afisha/14568/,tea,Гостеприимство и городской быт,У,зимнее чаепитие,"Нужен один самовар с карточкой и запись демонстрации. Анонс мастер-класса подтверждает тему, а не все детали будущей тепловой модели.",Запись/альбом/описание; проверить локальность и пригодность,False,False
27.01,Кужонка: корзина из берёзовой коры,"Кору сняли летом, а зимой из неё делают домашнюю утварь. Как ленты держатся без ткани?",Переплести берестяные ленты и поднять стенки виртуальной корзины. При изменении порядка лент меняется соединение; посетитель понимает устройство плетёной вещи.,"Русские Заонежья; «Кижи»: кужонки — распространённые корзины без ручек для муки, яиц и круп. Бересту заготавливали в начале лета, работу начинали после полевого сезона.",https://site.kizhi.karelia.ru/crafts/berestopletenie,bark,Труд и природа,У,зимняя работа с заготовленным материалом,Нужны атрибутированная кужонка и запись плетения; не переносить свойства цельного туеса на любую плетёную корзину.,Запись/альбом/описание; проверить локальность и пригодность,False,False
28.01,Деревянный конь: игрушка выходит из полена,Несколько зарубок — и в куске дерева уже виден конь. Как мастер замечает его раньше нас?,"Снимать слои в цифровой заготовке, сверяясь с этапами работы резчика. Появляется силуэт игрушки; посетитель видит переход от общего объёма к детали.","Северная русская игрушка конца XIX — начала XX в. в репликах Д. Н. Москина, описанных музеем «Кижи». Современная копия не объявляется старинным оригиналом.",https://site.kizhi.karelia.ru/crafts/izgotovlenie-derevyannoj-igrushki,toy,Детство и мастерство,У,зимний семейный досуг,Выбрать конкретного коня с указанием прототипа и автора копии. Нужны кадры работы; не приписывать всем игрушкам одинаковый обрядовый смысл.,Запись/альбом/описание; проверить локальность и пригодность,False,False
29.01,"Семейские: память, которую поют вместе",Дом можно перевезти только по брёвнышку. А как переселенцы увезли с собой общий голос?,"Слушать подписанный фрагмент и следить по тексту за вступлениями участников. Карта связывает певцов и место записи; посетитель слышит, как сообщество сохраняет память.",Русские старообрядцы-семейские Забайкалья; фильм и описание культурного пространства на Культура.РФ. Традиция показана в современном бытовании; конкретную запись ещё выбрать.,https://www.culture.ru/live/movies/846/kulturnoe-prostranstvo-i-pesennoe-tvorchestvo-semeiskikh-zabaikalya ; https://www.culture.ru/institutes/10073/kulturnoe-prostranstvo-i-pesennoe-tvorchestvo-semeiskikh-zabaikalya,song ; semeiskie,"Речь, музыка и переселение",У,зимняя встреча; не дата возникновения традиции,"Нужны имена исполнителей, село, дата, разрешение и расшифровка. Поканальное выключение голосов не обещается без отдельных дорожек.",Запись/альбом/описание; проверить локальность и пригодность,False,False
30.01,Семейский сундук: цветы среди зимы,"Снаружи мороз, а на сундуке цветут яркие букеты. Как роспись меняла домашний мир?","Рассмотреть местный образец, выделить палитру и повторяющиеся элементы, затем составить свою композицию. Сравнение показывает связь авторской работы с традицией.","Семейские Забайкалья, Тарбагатайский район. Дом ремёсел: занятие Ю. А. Пластининой по росписи сундуков, 2021 г. Исторический сундук для сопоставления пока не выбран.",https://www.culture.ru/events/1211708/starinnyi-sunduchok,chest,Живая традиция и дом,У,домашняя вещь и живая традиция,Нужны исторический образец и современная работа с датами. Не приписывать каждому цветку значение оберега.,Запись/альбом/описание; проверить локальность и пригодность,False,False
31.01,От нити к половичку: мастерство продолжается,За месяц мы разобрали столько вещей. Сможешь теперь увидеть труд за обычной полоской ткани?,На образце полотняного переплетения провести несколько рядов и увидеть растущую полоску. Затем сравнить свой фрагмент с работой мастера и сохранить карточку открытия.,Музей «Кижи»: ткачество в быту Олонецкой губернии и современные демонстрации. Январь — редакционная дата знакомства: источник относит традиционное основное ткачество к Великому посту.,https://site.kizhi.karelia.ru/crafts/tkachestvo,weave,Живая традиция и труд,У,итог зимнего месяца; связь с живой традицией,"Нужен русский местный образец и подписанная запись мастера. Этот день не утверждает, что во всех деревнях ткали именно в январе.",Запись/альбом/описание; проверить локальность и пригодность,False,False
01.02,Набойная доска: напечатать ткань вручную,Одна деревянная доска — а узором можно покрыть целый сарафан. Как?,"Поставить оттиск, сдвинуть доску и совместить повтор рисунка. При неверном шаге узор разрывается; при совпадении складывается полоса ткани.","Россия, XIX в.; Всероссийский музей декоративного искусства, набойная доска. Место точнее страны не указано; карточка объясняет печать по холсту.",https://ar.culture.ru/ru/subject/naboynaya-doska-3,print,Мастерство и ткань,У,зимняя тематическая привязка,Нужны фронтальный снимок доски и соответствующий ей рисунок оттиска; цифровой оттиск обозначить как схему.,Есть адрес предметной карточки; сверить содержание и медиа,False,False
02.02,Калязинские коклюшки: как нити становятся кружевом,Десятки деревянных палочек — как не запутать нити?,Пошагово провести две пары нитей по одному элементу сколка; подсветка показывает возникшее переплетение. Затем открыть работу кружевницы и целое кружево.,"Коклюшки XIX в., Тверская губерния; Музей тверского быта. Обзор описывает зимний сезон работы калязинских мещанок.",https://ar.culture.ru/ru/subject/koklyushki-dlya-kruzhevopleteniya,lace,Городское ремесло,У,зимняя тематическая привязка,Подобрать калязинский сколок и запись рук мастерицы. Не выдавать упражнение за освоение ремесла.,Есть адрес предметной карточки; сверить содержание и медиа,False,False
03.02,Понева из Парахина: клетка рассказывает о месте,Почему эту одежду узнают по клетке — и почему она не похожа на сарафан?,"Рассмотреть ткань, развернуть схему полотнищ и собрать распашную форму. Увидеть, что сообщает именно этот предмет; сравнение с другим селом — только по второй карточке.","Село Парахино, Касимовский уезд, конец XIX в.; Касимовский музей. Шерсть, бранное ткачество.",https://ar.culture.ru/ru/subject/poneva,poneva,Южнорусская одежда,У,зимняя тематическая привязка,Подготовить схему кроя по предмету. Не определять происхождение человека по любому клетчатому узору.,Есть адрес предметной карточки; сверить содержание и медиа,False,False
04.02,Рогатая кичка: что скрывается под нарядным верхом,Зачем в женском головном уборе твёрдые рога?,Снять и вернуть слои подписанной схемы убора; рядом меняются силуэт и пояснение назначения частей. Прочитать связь убора с положением замужней женщины.,"Рязанская губерния, вторая половина XIX в.; РЭМ. Карточка описывает рогатую вставку и верхнюю сороку.",https://ar.culture.ru/ru/subject/kichka-rogataya,kichka,Одежда и семейный статус,У,зимняя тематическая привязка,Уточнить конструкцию именно этой кички; не подменять местный вариант сборной фантазией.,Есть адрес предметной карточки; сверить содержание и медиа,False,False
05.02,Швейка: деревянная помощница с иголкой,"Как шить двумя руками, если ткань всё время приходится держать?","Закрепить край ткани на схеме швейки. Переключение без фиксации / с фиксацией показывает, зачем нужен предмет; рядом — короткая демонстрация ручного шва.","Швейка середины XIX в.; Музейно-выставочный комплекс им. В. Ф. Мамонтова, экспозиция Урень-края. Место изготовления не указано.",https://ar.culture.ru/ru/subject/shveyka-15,sew,Домашний труд,У,зимняя тематическая привязка,Нужна демонстрация крепления ткани именно на данном типе; место хранения не считать местом изготовления.,Есть адрес предметной карточки; сверить содержание и медиа,False,False
06.02,Зыбка из Лашина: первое место ребёнка в доме,"Почему колыбель висит, а не стоит на полу?","Проследить крепления на схеме, показать направление мягкого качания и положение люльки в комнате. Отдельно раскрыть семейные представления, связанные с вещью.","Деревня Лашино, Московская губерния, середина XIX в.; музей Железнодорожного. Лубяные борта, верёвки и ремни.",https://ar.culture.ru/ru/subject/kolybel-5,cradle,Детство и забота,У,зимняя тематическая привязка,"Подобрать историческую схему подвеса; это рассказ о прошлом, не инструкция по устройству современной детской кровати.",Есть адрес предметной карточки; сверить содержание и медиа,False,False
07.02,Богородские кузнецы: медведь работает в паре с человеком,"Ни мотора, ни батарейки. Кто заставляет кузнецов стучать молотками?","Сдвигать две планки модели: персонажи поочерёдно ударяют молотками. Открыть соединения и понять, как резчик превратил наблюдение за трудом в игрушку.","Богородская деревянная игрушка «Кузнецы», конец XIX в., Русский музей, Д-286. Карточка объясняет устройство двух планок; указанную в ней губернию нужно сверить из-за расхождения с описанием места.",https://rusmuseumvrm.ru/data/collections/folk_art/d_286/,toy,Игра и изобретательность,У,зимняя тематическая привязка,Снять размеры соединений или сделать явно условную кинематическую схему. Отличие от январской игрушки — разбор парного движения.,Запись/альбом/описание; проверить локальность и пригодность,False,False
08.02,Рукомойник: вода из подвешенного горшка,Крана нет. Как вымыть руки и не вылить сразу всю воду?,"Наклонять схему сосуда: струя появляется из носика, затем прекращается. Расположить лохань и увидеть бытовую систему умывания.","Даниловский уезд Ярославской губернии, конец XIX в.; Музей им. П. К. Шарапова. Глиняный рукомойник с ушками для подвеса.",https://ar.culture.ru/ru/subject/rukomoynik-konec-xix-veka,wash,Чистота и устройство быта,У,зимняя тематическая привязка,"Нужны боковой ракурс и схема подвеса; расход воды условный, без выдуманных исторических норм.",Есть адрес предметной карточки; сверить содержание и медиа,False,False
09.02,Коромысло: два ведра на одном плече,Почему два ведра могли быть удобнее одного?,Изменять условное наполнение двух вёдер. Схема равновесия показывает перекос и распределение нагрузки; перейти к фотографии предмета и рассказу о дороге за водой.,"Коромысло середины XX в., Россия; Ленский историко-краеведческий музей. Карточка подтверждает перенос вёдер; локальную историю владельца ещё найти.",https://ar.culture.ru/ru/subject/koromyslo-45,carry,Вода и ежедневный труд,У,зимняя тематическая привязка,Не переносить сюда свадебные обряды других народов; подобрать русский бытовой контекст.,Есть адрес предметной карточки; сверить содержание и медиа,False,False
10.02,Дежа: деревянный дом для будущего хлеба,Дощечки прижаты обручами — почему эта кадушка подходит для теста?,"Раскрыть дежу на клёпки и обручи, затем собрать её. Последовательность от замеса до подъёма теста объясняет назначение сосуда и работу бондаря.","Корочанский уезд Курской губернии, конец XIX в.; Корочанский музей. Деревянная дежа для приготовления теста.",https://ar.culture.ru/ru/subject/dezha-derevyannaya,dough,Хлеб и мастерство,У,зимняя тематическая привязка,Нужна схема сборки по карточке; не добавлять современный рецепт под видом местного исторического.,Есть адрес предметной карточки; сверить содержание и медиа,False,False
11.02,Ендова: большой сосуд для общей трапезы,У чаши широкий бок и слив. Как из неё угощали целую компанию?,"Рассмотреть край, слив и поверхность; построить предметную цепочку большой сосуд → малая посуда → гости. Открыть материал и следы изготовления.","Ендова XVI–XVII вв., Брянский краеведческий музей; красная медь и латунь, ковка, пайка, лужение. Место изготовления не указано.",https://ar.culture.ru/ru/subject/endova,endova,Гостеприимство и глубина традиции,У,зимняя тематическая привязка,"Использовать фото музейного экспоната, не стороннюю иллюстрацию в статье; детали разлива сверить с формой выбранной ендовы.",Есть адрес предметной карточки; сверить содержание и медиа,False,False
12.02,"Маслобойка Арины Жук: вещь, пережившая десятилетия",Этой кадушкой пользовалась одна семья больше полувека. Что происходило внутри?,Двигать мутовку в схеме разреза; по этапам открываются изменения сливок. Рядом развернуть документированную историю семьи и долгой службы вещи.,"Стародубский район Брянской области, середина XX в.; Унечский музей. Маслобойка семьи Арины Семёновны Жук из деревни Покослово.",https://ar.culture.ru/ru/subject/masloboyka-85,butter,Семейная память и еда,У,зимняя тематическая привязка,Подтвердить доступ к семейным изображениям; число движений в модели не выдавать за исторический норматив.,Есть адрес предметной карточки; сверить содержание и медиа,False,False
13.02,Весы: как покупатель видел честную меру,Товар положили на чашу. Что должно появиться на другой стороне?,"Уравновесить товар подписанными гирями, затем рассмотреть клеймо на отдельном атрибутированном образце. Понять разницу между договорной мерой и проверенной.","Настольные весы конца XIX — начала XX в., изготовлены в Западной Европе; Санкт-Петербургский музей Хлеба. Включены как вещь бытового музейного контекста, не русское изобретение.",https://ar.culture.ru/ru/subject/vesy-3,weight,Городская торговля,У,зимняя тематическая привязка,Уточнить историю бытования весов в России и подобрать гири; пока не связывать с конкретной лавкой.,Есть адрес предметной карточки; сверить содержание и медиа,False,False
14.02,Трифон-мышегон: сохранить хлеб до весны,Урожай собран. Почему за него всё ещё тревожились зимой?,"На схеме хозяйства найти скирду и зерно, затем раскрыть записанный обычай и его участников. Разделить хозяйственную опасность и веру в обрядовую защиту.","Русская традиция; Е. Л. Мадлевская, РЭМ. Описание обряда в Московской и Калужской губерниях; 14 февраля по современной календарной приуроченности.",https://ethnomuseum.ru/collections/ethnocalendar/february/maslenica-maslenichnaya-nedelya-syrnaya-nedelya9/,trifon,Народный календарь,К,"Трифонов день, 14 февраля",Нужна местная иллюстрация хозяйства; не изображать заговор эффективным способом борьбы с мышами.,Запись/альбом/описание; проверить локальность и пригодность,False,False
15.02,Сретение: две встречи в одном названии,Как церковная встреча стала в народном календаре встречей зимы с весной?,"Переключить два связанных слоя: сюжет праздника и наблюдения за сезоном. Каждое наблюдение получает подпись «народное представление», а не прогноз погоды.","РЭМ: Сретение, 15 февраля. Церковное событие и народное восприятие сезонного рубежа. Обзор многоэтничный: в день войдёт только подтверждённый русский материал.",https://ethnomuseum.ru/collections/ethnocalendar/february/maslenica-maslenichnaya-nedelya-syrnaya-nedelya10/,sret,Вера и сезон,К,"Сретение, 15 февраля",Выбрать русскую локальную запись и изображение; не переносить финно-угорский обход амбаров на русские сёла.,Запись/альбом/описание; проверить локальность и пригодность,False,False
16.02,Пять килограммов пряника: городецкие стерлядки,"Зачем вырезать рыб на доске, с которой получается огромный пряник?","Показать доску и вычисленный зеркальный оттиск, приблизить пару рыб. Переключить форму и результат: труд резчика превращается в съедобный подарок.","Г. И. Бахарев, Городец, 1930-е гг.; Городецкий музейный комплекс. Доска со стерлядками, по карточке — для пятикилограммового пряника; поступила в 2010 г. с производства.",https://ar.culture.ru/ru/subject/doska-shtuchnaya-sterlyadki,cake,Подарок и городской промысел,У,зимняя тематическая привязка,Нужен снимок доски без перспективных искажений. Оттиск-схему отличать от фотографии реального пряника.,Есть адрес предметной карточки; сверить содержание и медиа,False,False
17.02,Коробейник: магазин приходит в деревню,"Ленты, иголки, пуговицы — как целая лавка помещалась на плечах?","Разложить документированные виды мелкого товара в условный короб и связать их с домашними занятиями. Посетитель открывает, как деревня получала покупные вещи.","Музейный обзор Белгородского музея народной культуры. «Коробейник» Г. В. Новикова — настенная роспись 2019 г., современное изображение прошлого.",https://ar.culture.ru/ru/subject/korobeynik,trader,Обмен между городом и деревней,У,зимняя тематическая привязка,Уточнить местный набор товаров и подобрать исторические предметы. Не выдавать роспись за свидетельство очевидца XIX века.,Есть адрес предметной карточки; сверить содержание и медиа,False,False
18.02,Масленичный стол: праздник перед постом,Почему на столе столько мучного и молочного?,Сравнить две подписанные схемы трапезы: масленичную и постную. При выборе блюда открывается его место в переходе от праздничного изобилия к воздержанию.,"РЭМ описывает мучную, молочную и рыбную пищу на Масленицу. Региональное меню ещё выбрать; это обзор обычая, не рецепт одной семьи.",https://ethnomuseum.ru/collections/ethnocalendar/february/maslenica-maslenichnaya-nedelya-syrnaya-nedelya/,masl,Еда и праздничный ритм,У,тематический день о подвижном празднике; не дата Масленицы,Уточнить год выпуска и местное меню. На 18 февраля Масленица не закрепляется.,Запись/альбом/описание; проверить локальность и пригодность,False,False
19.02,С горы — «на долгий лён»: смысл зимней потехи,Как катание с горки связывали с будущим урожаем?,"Сопоставить описанное катание и хозяйственное пожелание. На схеме появляются участники и предметы, затем — музейное объяснение поверья.","Музей «Кижи»: масленичные обычаи Олонецкой губернии, местные записи и описания катаний. Урожайная связь — представление участников.",https://site.kizhi.karelia.ru/info/en/about/newspaper/42/1104.html,slide,Гулянье и отношения с природой,У,тематический масленичный сюжет; дата условная,Выбрать один локальный эпизод из статьи и изображение; не делать зависимость реального урожая от дальности скатывания.,Запись/альбом/описание; проверить локальность и пригодность,False,False
20.02,Тёща и золовка: карта масленичного гостевания,Кто кому приходится роднёй — и к кому идут молодые супруги?,Повернуть схему родства от лица мужа к лицу жены. Меняются названия родственников и направления визитов; посетитель разбирается в связях двух семей.,"РЭМ: посещение родителей, чествование молодожёнов и названия дней Масленицы. Обзорный материал; местный порядок визитов уточнить.",https://ethnomuseum.ru/collections/ethnocalendar/february/maslenica-maslenichnaya-nedelya-syrnaya-nedelya/,masl,Родство и гостеприимство,У,тематический масленичный сюжет; дата условная,Учебная семья вымышленная и подписанная. Не объявлять один порядок неизменным для всей России.,Запись/альбом/описание; проверить локальность и пригодность,False,False
21.02,Петрушка: маленький герой большой площади,Почему уличная кукла могла говорить со зрителями так бойко?,"Сравнить два коротких разрешённых фрагмента: традиционное уличное представление и сценическое переосмысление. Отметить обращение к публике, темп и характер героя.",Музей Театра Образцова: выставка «Фокусник и Петрушка. Путь от балагана к театру» о преобразовании народного персонажа в искусстве XX в.,https://puppet.ru/museum/events/vystavka-fokusnik-i-petrushka-put-ot-balagana-k-teatru-v-mamte,puppet,Городская площадь и смех,У,зимняя тематическая привязка,"Нужны конкретные записи, права, субтитры и атрибуции; до их выбора это сценарий. Этнографический ракурс — поведение на гулянье.",Запись/альбом/описание; проверить локальность и пригодность,False,False
22.02,Поддужный колокольчик: услышать дорогу,"Лошадей ещё не видно, а об их приближении уже знают. Откуда идёт звон?","Найти место колокольчика под дугой, раскрыть язык и корпус. Сравнить подписанные записи двух образцов; без звука доступны схема и текст.","Ишимский музей: колокольчик конца XIX — начала XX в., отлит братьями Трошиными в селе Пурих Нижегородского края.",https://ar.culture.ru/ru/subject/podduzhnyy-kolokolchik-5,bell,Дорога и звук,У,зимняя тематическая привязка,Звук записать с атрибутированного образца; библиотечный звон не называть голосом этого колокольчика.,Есть адрес предметной карточки; сверить содержание и медиа,False,False
23.02,Дуга Ивана Осокина: имя на конской упряжи,Зачем крестьянин оставил своё имя на дуге?,"Приблизить надпись, восстановить чтение по музейной расшифровке и найти место вещи в упряжи. Увидеть связь полезной конструкции, украшения и хозяйской гордости.","Русский музей, Северная Двина, 1886 г. На ребре дуги указаны дата и владелец Иван Тимофеев Осокин.",https://ar.culture.ru/ru/subject/duga-1,arc,Вещь и достоинство хозяина,У,зимняя тематическая привязка,Нужен крупный снимок надписи; о биографии Осокина сверх карточки не домысливать.,Есть адрес предметной карточки; сверить содержание и медиа,False,False
24.02,Власьев день: корова в центре хозяйства,Почему благополучию скота посвящали особый день?,"Собрать связи корова → молочная пища → повседневная забота, затем открыть календарное почитание Власия. Отдельно увидеть сведения об обычаях и о хозяйстве.","РЭМ: Власьев день, 24 февраля; обряды благополучия скота и представления об отступлении морозов. Локальность конкретного обряда требуется уточнить.",https://ethnomuseum.ru/collections/ethnocalendar/february/maslenica-maslenichnaya-nedelya-syrnaya-nedelya13/,vlas,Хозяйство и народный календарь,К,"Власьев день, 24 февраля",Подобрать русский местный эпизод и предмет ухода за скотом; не добавлять мнимые лечебные свойства обряда.,Запись/альбом/описание; проверить локальность и пригодность,False,False
25.02,Сеть готовят зимой: узел для будущей рыбалки,Озеро подо льдом — зачем сейчас работать над летними снастями?,Провести нить по одному сетному узлу и повторить ряд через мерку. Меняется размер ячеи; схема связывается с записью рук мастера.,Кижи: вязание сетей и рыболовство Заонежья. Исторический обзор подтверждает зимнее изготовление снастей самими рыбаками.,https://site.kizhi.karelia.ru/crafts/vyazanie-setej ; https://site.kizhi.karelia.ru/library/traditsionnaya-kultura-russkih-zaonezhya-spravochno-metodicheskoe-posobie-dlya-eksku/746.html,net ; fish,Труд в ожидании нового сезона,У,зимняя тематическая привязка,"Подобрать сетевязальную иглу, мерку и показ правильного узла; не выдумывать нормы улова.",Запись/альбом/описание; проверить локальность и пригодность,False,False
26.02,Рыба с Белого моря: зимняя дорога меняет торговлю,Почему местным рыбакам зимой мешала дешёвая привозная рыба?,Включить на карте поток подвоза с Белого моря. Рядом открываются виды товара и объяснение изменения выгоды местного лова; сравнить два состояния торговли.,Обзор «Кижей» о русских Заонежья: подвоз беломорской рыбы снижал выгодность зимнего лова. Точные цены и маршрут в источнике не заданы.,https://site.kizhi.karelia.ru/library/traditsionnaya-kultura-russkih-zaonezhya-spravochno-metodicheskoe-posobie-dlya-eksku/746.html,fish,Северные связи и торговля,У,зимняя тематическая привязка,"Карту сделать обзорной: без выдуманных остановок, цен и расчётной прибыли.",Запись/альбом/описание; проверить локальность и пригодность,False,False
27.02,Лодка-кижанка: словарь мастера на воде,Что мастер называет кокорой — и где её искать в лодке?,"Сопоставить три местных названия с деталями подписанного чертежа. При выборе детали открываются её форма и место в конструкции, затем — лодка целиком.","Исследование «Лодка-кижанка», Кижский вестник, выпуск 13: местная конструкция и терминология. Экземпляр для будущей страницы пока не выбран.",https://site.kizhi.karelia.ru/library/kizhskij-vestnik-vyipusk-13-sbornik-statej/1089.html,boat,Речь и мастерство,У,зимняя тематическая привязка,"Выбрать чертёж и лодку с атрибуцией; не утверждать, что конкретный исторический экземпляр строили в феврале.",Запись/альбом/описание; проверить локальность и пригодность,False,False
28.02,Кружево продолжается: пелерина Любови Верещагиной,Как ремесло становится личным открытием человека нашего времени?,Сопоставить инструмент кружевницы и фрагмент авторской пелерины; раскрыть путь мастерицы к ремеслу. Сохранить карточку с одной выбранной деталью и собственным наблюдением.,"Пелерина Л. Н. Верещагиной, 2000 г.; Музейный центр «Гамаюн». Любовь Верещагина ранее работала оператором микросварки; карточка рассказывает о её пути к кружеву.",https://ar.culture.ru/ru/subject/pelerina,modern,Живая традиция сегодня,У,зимняя тематическая привязка,Нужны изображение пелерины 2000 года и согласованные слова мастерицы. Не сочинять её речь.,Есть адрес предметной карточки; сверить содержание и медиа,False,False
01.03,"Лоскутное одеяло: красота из того, что осталось","Можно ли из обрезков сшить вещь, которую будут беречь десятилетиями?","Сложить один блок из лоскутов по рисунку музейного одеяла; поворот детали меняет общий узор. Открыть целую вещь и увидеть, как бережливость становится мастерством.","Станица Гиагинская, 1960-е гг.; Гиагинский районный краеведческий музей, экспозиция «Казачья комната». Русская бытовая традиция Кубани; происхождение каждого лоскута неизвестно.",https://ar.culture.ru/ru/subject/odeyalo-loskutnoe-2,quilt,Дом и бережливость,У,тематическое размещение; дата не является годовщиной,Нужны снимок целиком и крупный план швов. Не придумывать семейные истории тканей.,Есть адрес предметной карточки; сверить содержание и медиа,False,False
02.03,Трепало: деревянный клинок для будущей рубахи,"Зачем бить стебли деревянной лопаткой, если из них хотят получить мягкую ткань?","Провести трепалом по схеме подготовленного льна: кострика отделяется, волокна остаются. Сравнить материал до и после, понять назначение операции.","Трепало конца XIX в., Исетский музей им. А. Л. Емельянова. Музей связывает предмет мечевидной формы с семьёй старообрядцев Исетского района; версия о подарке невесте — предположение.",https://ar.culture.ru/ru/subject/trepalo-4,scutch,Лён и домашний труд,У,тематическое размещение; дата не является годовщиной,"Выбрать атрибутированный кадр работы. Март — день знакомства; не утверждать, что лён повсюду трепали весной.",Есть адрес предметной карточки; сверить содержание и медиа,False,False
03.03,Чесало: семь рядов зубьев ради тонкой нити,"Как из одного пучка получались и грубая верёвка, и тонкое полотно?","Пропустить виртуальный пучок через зубья; отдельно показать длинное волокно и очёс. Сопоставить с будущими изделиями, не задавая выдуманных процентов выхода.","Конец XIX в., Новокузнецкий краеведческий музей. Доска с семью рядами кованых зубьев. Изготовление в европейской части России — музейная гипотеза; точное место неизвестно.",https://ar.culture.ru/ru/subject/chesalo-dlya-lna,comb,Лён и домашний труд,У,тематическое размещение; дата не является годовщиной,Нужны крупный план зубьев и образцы волокон. Не смешивать трепание и чесание.,Есть адрес предметной карточки; сверить содержание и медиа,False,False
04.03,Мотовило из Бурдиной: сосчитать нить без рулетки,"Как хозяйка понимала, хватит ли пряжи на целый холст?",Намотать несколько оборотов на схему мотовила; счётчик считает обороты. Затем открыть объяснение местного счёта нитей и будущей длины ткани.,"Деревня Бурдина, нынешний Абатский район Тюменской области; конец XIX — начало XX вв.; КДО «Исток». Музей описывает перемотку и первоначальный учёт пряжи.",https://ar.culture.ru/ru/subject/motovilo-2,reel,Лён и домашний труд,У,тематическое размещение; дата не является годовщиной,Точную длину оборота измерить по предмету; общие числа из описания не подставлять в модель без проверки.,Есть адрес предметной карточки; сверить содержание и медиа,False,False
05.03,Кросна на Устье: почему станку нужны педали,Нога нажала — между сотнями нитей появилась дорога. Как?,"Нажать две подножки по очереди: чётные и нечётные нити меняются местами, открывая зев. Посетитель видит, как ткачиха управляет основой.","Начало XX в.; Устьянский краеведческий музей. Карточка подробно описывает местные названия частей, подножки и ниченицы.",https://ar.culture.ru/ru/subject/tkackiy-stanok-1,loom,Лён и домашний труд,У,тематическое размещение; дата не является годовщиной,"Нужна схема именно этих кросен и демонстрация. Развитие января: здесь устройство станка, там переплетение половичка.",Есть адрес предметной карточки; сверить содержание и медиа,False,False
06.03,"Ангарский челнок: лодочка, которая возит нить",Почему ткацкий инструмент похож на маленькую лодку?,"Открыть полость челнока и путь нити, провести его сквозь подготовленный зев. Увидеть, как катушка отдаёт уток, пока челнок пересекает основу.","XIX в., п. Мотыгино, Удерейский район — так указано в карточке Мотыгинского музея; экспозиция «Ангарская изба». Точное историческое административное название требует уточнения.",https://ar.culture.ru/ru/subject/tkackiy-chelnok-1,shuttle,Русская Сибирь,У,тематическое размещение; дата не является годовщиной,"В карточке расходятся размеры: 3,2 см в шапке и длина 32 см в тексте. Масштаб и катушку сверить перед моделированием.",Есть адрес предметной карточки; сверить содержание и медиа,False,False
07.03,Марк Шабалин: швейная машина из дерева,Увидел фабричную машину — и вырезал свою. Разве так можно?,Приблизить деревянные детали и сопоставить их с функциями механизма. Выбрать путь движения от колеса к игле; после выбора открывается объяснение мастерства Шабалина.,"Марк Шабалин, 1888 г.; Государственный исторический музей Южного Урала. Музей связывает изготовление с восемнадцатилетним крестьянином Вятской губернии; материалы в шапке — дерево и металл.",https://ar.culture.ru/ru/subject/shveynaya-mashina-2,machine,Человек и мастерство,У,тематическое размещение; дата не является годовщиной,"Нужны детали и проверенное описание работы. Не заявлять, что игла деревянная, и не придумывать производительность.",Есть адрес предметной карточки; сверить содержание и медиа,False,False
08.03,Открытка к 8 Марта: праздник становится личным,Что превращает массовую открытку в обращение к одному человеку?,Рассмотреть печатную открытку и набрать рядом собственное поздравление. Сравнить готовую праздничную формулу и личные слова; сохранить свою карточку.,"Открытка «8 марта!», Москва, ИПФ «Стезя», 2012 г.; каталог РГБ. РЭМ подтверждает календарную дату и общественный смысл праздника. Русскоязычная семейная культура XXI в.",https://search.rsl.ru/ru/record/01006565357 ; https://ethnomuseum.ru/collections/ethnocalendar/march/mezhdunarodnyj-zhenskij-den/,card ; women,Семья и современный быт,К,"8 Марта; ежегодный праздник, не дата изготовления открытки",Получить доступное изображение. Реальная подписанная открытка для исторического сравнения пока не выбрана; пользовательский текст не выдавать за старое письмо.,Запись/альбом/описание; проверить локальность и пригодность,False,False
09.03,Угольный утюг: маленькая топка на столе,"Зачем утюгу отверстия, если гладить должна его подошва?",Открыть условный разрез и проследить движение воздуха к углям. Сопоставить нагрев изнутри с январским рубелем и увидеть изменение домашнего труда.,"Первая половина XX в., Западная Сибирь, СССР; Музей истории города Урай. Угольный утюг, литьё.",https://ar.culture.ru/ru/subject/utyug-8,iron,Дом и техника,У,тематическое размещение; дата не является годовщиной,Сверить устройство отверстий по фотографиям. Только учебный разрез; время нагрева и температура не моделируются без замеров.,Есть адрес предметной карточки; сверить содержание и медиа,False,False
10.03,Тверское полотенце: вещь встречает важные дни семьи,"Почему нарядное полотенце берегли для событий, а не только для умывания?",Рассмотреть концы полотенца и расположить его на подписанных схемах двух обрядовых ситуаций. Пояснение раскрывает роль вещи в семейной жизни.,"Тверская губерния, конец XIX — начало XX в.; Музей тверского быта. Домотканое полотно, ситец, кружево, вышивка. Музей описывает бытовые и обрядовые функции полотенец.",https://ar.culture.ru/ru/subject/polotence-obryadovoe,towel,Семья и обычаи,У,тематическое размещение; дата не является годовщиной,Выбрать документированный тверской вариант обычая. Не выдавать все общерусские функции за биографию этой вещи; март не объявляется свадебным сезоном.,Есть адрес предметной карточки; сверить содержание и медиа,False,False
11.03,"Солоница-утица: птица, которая хранит соль",Где у деревянной утки спряталась крышка?,"Сдвинуть верх спинки на схеме, открыть полость и вернуть крышку. Рассмотреть, как мастер совместил узнаваемую птицу с удобным сосудом.","XIX в., Российская империя; музей «Русская старина», Смоленск. Дерево, долбление и резьба; музей описывает сдвижную крышку. Точное место изготовления не указано.",https://ar.culture.ru/ru/subject/solonica-1,salt,Дом и красота вещи,У,тематическое размещение; дата не является годовщиной,Нужны ракурсы крышки и полости. Не приписывать предмету конкретный миф без местного свидетельства.,Есть адрес предметной карточки; сверить содержание и медиа,False,False
12.03,Туес: сосуд с двумя берестяными стенками,Как берёзовая кора превращается в посуду для питья?,"Раздвинуть слои схемы: сколотень, наружная рубашка, дно и крышка. Собрать обратно и проследить, где остаётся цельная внутренняя стенка.",Начало XX в.; Голышмановский краеведческий музей. Береста и дерево; точное место изготовления не указано. Обзор описывает конструкцию туесов в русском быту.,https://ar.culture.ru/ru/subject/tues-28,tues,Материал и устройство,У,тематическое размещение; дата не является годовщиной,Нужны ракурсы выбранного предмета. Не обещать срок сохранности молока и не называть любой берестяной короб герметичным.,Есть адрес предметной карточки; сверить содержание и медиа,False,False
13.03,"Крынка из Уразова: горло, за которое удобно держать",Почему у этого молочного сосуда нет ручки?,"Совместить контур руки со сужением крынки, затем открыть разрез сосуда. Увидеть, как форма помогает держать и обслуживать повседневную посуду.","Слобода Уразово, конец XIX в.; Уразовский краеведческий музей. Гончарная работа; карточка подтверждает местное изготовление и применение для молока.",https://ar.culture.ru/ru/subject/krynka-26,milk,Дом и питание,У,тематическое размещение; дата не является годовщиной,"Нужен снимок профиля и описание местного быта. Не обещать, что молоко в глине не портится.",Есть адрес предметной карточки; сверить содержание и медиа,False,False
14.03,Авдотья Плющиха: весна говорит названиями,"Почему один день зовут и Свистуньей, и Весновкой, и Плющихой?","Соединить народные названия с явлениями: ветер, оттепель, подтаявший наст. Открыть музейное пояснение и различить наблюдение за погодой и примету о будущем.","14 марта, 1 марта по старому стилю. Белгородский государственный музей народной культуры публикует названия и объяснения дня. Это обзор традиции, не описание одного экспоната.",https://xn--90aevhf.xn--p1ai/%D0%BA%D0%B0%D0%BB%D0%B5%D0%BD%D0%B4%D0%B0%D1%80%D1%8C/%D0%BC%D0%B0%D1%80%D1%82/14-%D0%BC%D0%B0%D1%80%D1%82%D0%B0,avdotya,Встреча весны,К,Авдотья Плющиха — 14 марта по современному календарю,Нужны местные фотографии весны и атрибутированная запись речи; погоду конкретного года не предсказывать по приметам.,Запись/альбом/описание; проверить локальность и пригодность,False,False
15.03,Ступа: крупа начинается с тяжёлого песта,"Что делали со ступой в настоящем доме, пока Баба-яга летала в сказке?","На схеме разделить зерно, оболочку и результат толчения. Затем рассмотреть толстое основание ступы и объяснить, зачем ей устойчивость.","Конец XIX — начало XX в., Архангельская область — в современной географии карточки; «Выставочные залы Москвы», «Протомузей». Ступа выдолблена из цельного комля берёзы.",https://ar.culture.ru/ru/subject/stupa-s-pestom-15,mortar,Дом и питание,У,тематическое размещение; дата не является годовщиной,Нужны вид внутренней полости и образцы зерна. Отличить получение крупы от размола в муку 16 марта.,Есть адрес предметной карточки; сверить содержание и медиа,False,False
16.03,Ручные жернова: мука между двумя камнями,"Куда исчезает зерно, которое насыпали в середину?",Повернуть верхний жернов учебной модели; разрез показывает путь зерна от отверстия к краю. Сравнить помол с толчением в ступе.,"1930 г., СССР; Верхнепышминский исторический музей. Гранитные ручные жернова. Место изготовления точнее страны не указано.",https://ar.culture.ru/ru/subject/zhernova-28,mill,Дом и питание,У,тематическое размещение; дата не является годовщиной,Сверить рельеф рабочих поверхностей и рукоять. Учебная анимация не является замером выхода муки.,Есть адрес предметной карточки; сверить содержание и медиа,False,False
17.03,Герасим Грачевник: заметить возвращение птиц,Как прилёт грачей превращался в событие всей деревни?,"Отметить птиц и гнёзда на документированном весеннем изображении, затем открыть местное наблюдение и народное толкование. Сравнить, что человек видел и чего ожидал.",17 марта. РЭМ связывает день с наблюдениями за грачами в центральной и отчасти северной России и описывает встречу весны. Реальный прилёт зависит от места и погоды.,https://ethnomuseum.ru/collections/ethnocalendar/march/gerasim-grachevnik/,rooks,Встреча весны,К,Герасим Грачевник — ежегодный день народного календаря,Выбрать конкретную местность и изображение. Не задавать 17 марта как обязательную дату прилёта; выпечку подробно раскрывает 22 марта.,Запись/альбом/описание; проверить локальность и пригодность,False,False
18.03,Решето из Заузолья: размер дырочек меняет результат,Почему одной сеткой нельзя одинаково просеять всё?,"Сопоставить две учебные сетки с разными ячейками и одну смесь условных частиц. Увидеть, что проходит вниз, а что остаётся сверху; открыть реальное лыковое решето.","Первая половина XX в.; МВЦ «Отчина», экспозиция «Быт крестьян Заузолья». Деревянный обод и плетёное полотно; музей отличает решето от более мелкого сита.",https://ar.culture.ru/ru/subject/resheto-6,sieve,Дом и питание,У,тематическое размещение; дата не является годовщиной,Размер ячейки образца измерить; сравнительное сито подобрать отдельно. Не выдавать модельные частицы за музейный опыт.,Есть адрес предметной карточки; сверить содержание и медиа,False,False
19.03,"Грифельная доска: тетрадь, которую можно стереть","Как учиться письму, если новая страница не нужна?","Написать слово на цифровом поле, стереть его и решить короткую задачу. Рядом остаётся музейная доска и объяснение, почему сланец служил школьной принадлежностью.","Начало XX в., Российская империя; Нижнеломовский краеведческий музей. Сланец в деревянной раме, 25 × 18 см.",https://ar.culture.ru/ru/subject/doska-grifelnaya,slate,Детство и учёба,У,тематическое размещение; дата не является годовщиной,Выбрать исторический учебный пример; современное задание так и подписать. Рукописный ввод не требует загрузки личных данных.,Есть адрес предметной карточки; сверить содержание и медиа,False,False
20.03,Скобель северного плотника: нож с двумя ручками,Зачем держать один нож сразу двумя руками?,Проследить направление рабочего движения на схеме заготовки. Поочерёдно открыть кору и очищенную поверхность; увидеть назначение широкого лезвия.,"Первая половина XX в.; Северный морской музей, Архангельск. Металл и дерево; инструмент из экспозиции северного мореплавания. Конкретный мастер и место изготовления не указаны.",https://ar.culture.ru/ru/subject/skobel-2,drawknife,Русский Север и ремесло,У,тематическое размещение; дата не является годовщиной,Нужна подписанная демонстрация северного мастера. Не смешивать деревообрабатывающий скобель с инструментом выделки шкур.,Есть адрес предметной карточки; сверить содержание и медиа,False,False
21.03,Абашевская барыня: маленькая скульптура со свистом,Как внутри нарядной глиняной фигуры помещается музыкальный инструмент?,"Повернуть изображение и найти свистковый канал, затем открыть подписанную схему его работы. Прослушать запись аналогичного инструмента, указав исполнителя и образец.","Начало XXI в., село Абашево, Пензенская область; Туапсинский музей им. Н. Г. Полетаева. Глина, лепка, обжиг, роспись; игрушка «Барыня».",https://ar.culture.ru/ru/subject/igrushka-abashevskaya-barynya-svistulka,whistle,Игрушка и живая традиция,У,тематическое размещение; дата не является годовщиной,Канал и звучание именно музейного предмета пока не проверены. Запись аналога не выдавать за голос оригинала; не называть дату местным праздником свиста.,Есть адрес предметной карточки; сверить содержание и медиа,False,False
22.03,"Сороки: жаворонок, которого испекли для весны",Почему весну встречали с птицей из теста в руках?,"Сравнить два музейных муляжа и собрать условный силуэт летящей птицы. Открыть рассказ о детском участии во встрече весны и о том, как съедобная вещь попала в музей.","22 марта. РЭМ: муляж печенья «жаворонки», русские, г. Тверь, 1904 г.; второй муляж «жаворонок», русские, 1910 г. Это музейные муляжи, не сохранившаяся выпечка.",https://ethnomuseum.ru/collections/ethnocalendar/march/soroki-den-pamyati-soroka-muchenikov-sevastijskih/,larks,Встреча весны,К,"Сороки — 22 марта, 9 марта по старому стилю",Нужны изображения с точными подписями. Аудиозапись заклички выбирается отдельно; слова реконструкции не выдавать за архивный голос.,Запись/альбом/описание; проверить локальность и пригодность,False,False
23.03,Лапти 1933 года: обувь из переплетённых полос,Как плоские полоски лыка огибают человеческую стопу?,"Сложить один участок косого плетения, затем увидеть его место в целом лапте. Добавить на схему онучи и оборы и понять, что обувь была частью комплекта.","1933 г., Шабалинский район; Шабалинский краеведческий музей. Лыко, плетение. Музей описывает косую решётку русских лаптей и способы ношения.",https://ar.culture.ru/ru/subject/lapti-1,bast,Одежда и повседневность,У,тематическое размещение; дата не является годовщиной,Нужны вид подошвы и проверенная схема этого плетения. Не обобщать лапти на всех жителей России и все занятия.,Есть адрес предметной карточки; сверить содержание и медиа,False,False
24.03,Кузнецкий поршень: кожаная обувь без сапожного голенища,Как кусок кожи превращается в обувь?,"Сопоставить сохранившуюся обувь с подписанной развёрткой выбранного типа. Стянуть край модели и увидеть, где образуется объём для стопы.","XVII в., Россия; музей-заповедник «Кузнецкая крепость». Карточка описывает поршень и находки сапожных инструментов в Кузнецке.",https://ar.culture.ru/ru/subject/porshen,shoe,Русская Сибирь,У,тематическое размещение; дата не является годовщиной,Уточнить тип конкретного поршня и швы: не все поршни делали из одного куска. Не превращать реконструированную выкройку в археологический чертёж.,Есть адрес предметной карточки; сверить содержание и медиа,False,False
25.03,Сошник из Мариинска: железо на конце деревянной сохи,Почему от старого орудия в музее могла остаться только железная часть?,"Поместить сошник на подписанную реконструкцию сохи. Увидеть, какая часть соприкасается с почвой и почему деревянная основа сохраняется хуже металла.",Начало XVIII в.; Музей истории города Мариинска. Металлический сошник; описание связано с земледелием русских переселенцев в Сибири.,https://ar.culture.ru/ru/subject/nakonechnik-rogatiny-1,plough,Земля и хозяйство,У,тематическое размещение; дата не является годовщиной,"Подобрать совместимый тип сохи и сверить реконструкцию. Март — подготовка к теме полевых работ, не установленный срок пахоты в Сибири.",Есть адрес предметной карточки; сверить содержание и медиа,False,False
26.03,Игрушечная борона: хозяйство в детском масштабе,Зачем ребёнку уменьшенная копия сельского орудия?,"Сопоставить миниатюру с подписанной схемой полноразмерной бороны, найти совпадающие части. После сравнения обсудить, как дети знакомились с трудом взрослых.","Кунсткамера: «Борона игрушечная», русские; Архангельская губерния, Печорский уезд, вторая половина XIX в., карточка OBJECT/299241. Атрибуция доступна в индексируемом описании; полное открытие карточки при проверке остановлено ошибкой сертификата.",https://collection.kunstkamera.ru/entity/OBJECT/299241?fund=22&index=15,harrow,Детство и хозяйство,У,тематическое размещение; дата не является годовщиной,"Получить размеры и изображение карточки, выбрать взрослый аналог. Конкретный способ игры владельца неизвестен; его не реконструировать как факт.",Есть адрес предметной карточки; сверить содержание и медиа,False,False
27.03,Севалка: зерно несут навстречу будущему хлебу,Как пройти поле и не оставить пустую полосу?,"На учебной схеме разметить пройденные полосы вешками, затем пройти с севалкой. Подсветка показывает пропуски и перекрытия; рядом — рассказ об опыте сеятеля.",XIX — начало XX в.; Вичугский городской музей. Севалка для ручного сева; музей описывает вешки и участие детей в разметке.,https://ar.culture.ru/ru/subject/sevalka-1,seed,Земля и хозяйство,У,тематическое размещение; дата не является годовщиной,Март — редакционное знакомство с подготовкой хозяйства. Срок сева зависит от местности; модель не рассчитывает урожайность.,Есть адрес предметной карточки; сверить содержание и медиа,False,False
28.03,Бочонок: доски держат воду без гвоздей,Что удерживает вместе десятки отдельных деревянных частей?,Подобрать клёпки по форме и надеть обручи на схему. Разрез показывает плотное соединение боковин и дна; посетитель объясняет роль обруча.,"Исетский музей им. А. Л. Емельянова. Деревянный бочонок; в шапке карточки конец XIX в., в тексте начало XX в. Для календаря — рубеж XIX–XX вв.; расхождение требует уточнения.",https://ar.culture.ru/ru/subject/bochonok-6,barrel,Материал и устройство,У,тематическое размещение; дата не является годовщиной,"Нужны вид дна и обручей, схема соединения. Герметичность показывать как принцип, без обещания точного физического симулятора.",Есть адрес предметной карточки; сверить содержание и медиа,False,False
29.03,Сердобские ходики: домашнее время на цепочке,"Что заставляет часы идти, когда в них нет батарейки?","На схеме поднять гирю и проследить передачу движения к механизму. Сопоставить циферблат с семейным распорядком, увидеть место часов в доме.","1947 г., Сердобский часовой завод; Историко-краеведческий музей Сердобска. Настенные маятниковые гиревые часы.",https://ar.culture.ru/ru/subject/chasy-nastennye-mayatnikovye-girevye,clock,Семья и быт XX века,У,тематическое размещение; дата не является годовщиной,Нужны схема соответствующей модели и домашняя фотография с атрибуцией. Звук записи аналога подписывать отдельно.,Есть адрес предметной карточки; сверить содержание и медиа,False,False
30.03,Алексей Тёплый: прочитать весну по её именам,Почему у одного дня столько водяных названий?,"Сопоставить названия «водотек», «пролей кувшин», «с гор потоки» с изображениями весенней воды. Открыть объяснение и отделить метафору от прогноза погоды.","30 марта. Программа Старооскольского Дома ремёсел «Секреты Алексея теплого», 2025 г., описывает названия дня и народные представления. Это современное культурное описание, не полевая запись.",https://www.culture.ru/events/5691822/programma-sekrety-ale,alexei,Встреча весны,К,Алексей Тёплый — ежегодная дата народного календаря,Для страницы нужна местная запись обычая или речи. Не выдавать нынешнюю программу за свидетельство XIX века.,Запись/альбом/описание; проверить локальность и пригодность,False,False
31.03,Александр Шутихин: узор вдавлен в бересту,"Как украсить бересту рисунком, не рисуя по ней кистью?","Выбрать два чекана и поставить оттиски на условной берестяной полосе. Сопоставить с работой Шутихина: рисунок возникает от давления и повторения, а затем помогает прочитать руку мастера.","Александр Владимирович Шутихин, Котлас; работает с берестой с 1991 г. Описание Центра русского фольклора на Культура.РФ, этнос — русские; объяснены инструменты и тиснение.",https://www.culture.ru/objects/2975/tvorcheskoe-nasledie-berestyanshika-aleksandra-vladimirovicha-shutikhina-iz-goroda-kotlas-arkhangelskoi-oblasti,master,Человек и живая традиция,У,тематическое размещение; дата не является годовщиной,"Выбрать конкретную подписанную работу и запись с разрешением. В отличие от 12 марта здесь человек и приём декора, а не конструкция сосуда.",Запись/альбом/описание; проверить локальность и пригодность,False,False
01.04,Валёк: почему бельё приходилось колотить,Этой деревянной лопаткой не готовили еду. Что она делала у воды?,"На схеме показать движение валька по мокрому белью и посмотреть, как из ткани выходит вода. Сравнить с январским рубелем: похожие вещи решали разные задачи.","Валёк XIX века, дерево с резьбой; Гороховецкий историко-архитектурный музей, Владимирская область. Назначение — стирка и полоскание; мастер не указан.",https://ar.culture.ru/ru/subject/valyok-12,valek,Домашний труд,У,тематическое размещение; дата не является годовщиной,Фото обеих сторон и запись приёма. Схема не должна обещать измеренную эффективность стирки.,Есть адрес предметной карточки; сверить содержание и медиа,False,False
02.04,Степан Хомутин: стиральная доска с именем мастера,Почему у обыкновенной стиральной доски есть автор?,"Провести условную ткань по гладкой и ребристой поверхностям; увидеть разницу контакта. Открыть цепочку «мастер — человек, сохранивший вещь — музей».","Степан Титович Хомутин, 1961 г.; Коченёвский краеведческий музей, Новосибирская область. Передана Людмилой Николаевной Носковой из рабочего посёлка Коченёво.",https://ar.culture.ru/ru/subject/doska-stiralnaya-3,wash,Человек и домашний труд,У,тематическое размещение; дата не является годовщиной,"Фото доски, схема трения; не приписывать дарительнице изготовление или неизвестную историю семьи.",Есть адрес предметной карточки; сверить содержание и медиа,False,False
03.04,Архангельское корыто: сосуд внутри бревна,"Как получить большую ёмкость, если нет ни досок, ни обручей?","Убирать слои с условной половины бревна, сохраняя стенки и дно. Сопоставить долблёную конструкцию с мартовским бочонком, собранным из частей.","Архангельская область, XIX — начало XX в.; 20 × 29 × 82 см, собрание объединения «Выставочные залы Москвы». Музей описывает разные назначения корыт; назначение именно этого экземпляра не уточнено.",https://ar.culture.ru/ru/subject/koryto-19,trough,Мастерство и материалы,У,тематическое размещение; дата не является годовщиной,Крупные планы торца и внутренней поверхности. Не изображать один предмет одновременно посудой и корытом для стирки.,Есть адрес предметной карточки; сверить содержание и медиа,False,False
04.04,Керосиновая лампа: вечер зависит от фитиля,Как одним маленьким колёсиком сделать комнату светлее?,"Повернуть регулятор на условной схеме: фитиль поднимается и меняется пламя. Затем найти резервуар и стекло на музейной вещи, понять ежедневный уход за светом.","1930-е гг., СССР; Мурманский областной краеведческий музей, экспозиция «Поморы». В описании несколько ламп; сведения о московском заводе и Кандалакше относятся к отдельно описанному экземпляру.",https://ar.culture.ru/ru/subject/kerosinovaya-lampa-7,lamp,Дом и свет,У,тематическое размещение; дата не является годовщиной,"Уточнить соответствие фото и этикетки, не смешать два светильника. Анимация — объяснительная модель без физических нормативов.",Есть адрес предметной карточки; сверить содержание и медиа,False,False
05.04,Вербная ветка: как пальма стала близкой,Почему праздник о далёком Иерусалиме встречают с вербой?,"Соединить евангельский сюжет, пальмовую ветвь и местную вербу. При каждом соединении открывается объяснение: один смысл получает знакомый растительный образ.","Обзор РЭМ о православном Вербном воскресенье, последнее воскресенье перед Пасхой. Описана замена пальмовых ветвей вербой и русские домашние обычаи; конкретная местная запись не приведена.",https://ethnomuseum.ru/collections/ethnocalendar/april/verbnoe-voskresene/,willow,Весенние праздники,У,"условное размещение пасхального сюжета; праздник подвижный, это не его дата",Нужен датированный русский снимок с местом и подписью. Не закреплять праздник за 5 апреля.,Запись/альбом/описание; проверить локальность и пригодность,False,False
06.04,Корочанская пасочница: рисунок спрятан внутри,"Зачем украшать ту сторону деревянной формы, которую никто не видит?",Собрать четыре стенки и посмотреть условный отпечаток. Разобрать форму: внутренний резной рисунок становится наружным украшением творожной пасхи.,"Начало XX в., Корочанский уезд Курской губернии; Корочанский историко-краеведческий музей. Липовая форма из четырёх дощечек, 14 × 23 × 23,2 см.",https://ar.culture.ru/ru/subject/pasochnica-derevyannaya-syrnica,mould,Праздник и устройство вещи,У,"условное размещение пасхального сюжета; праздник подвижный, это не его дата",Фото каждой внутренней стенки и соединений; схему строить по ним. Творожную пасху отличать от печёного кулича.,Есть адрес предметной карточки; сверить содержание и медиа,False,False
07.04,"Благовещение: день, когда работу откладывали","Что важнее привычной работы, если даже прялку оставляют в покое?",На условной сцене домашнего дня отметить работу и праздничную паузу. Открыть объяснения запретов как верований и способа выделить особое время.,"7 апреля по современному календарю. РЭМ описывает Благовещение и народные запреты на работу; это обобщение русской традиции, без единой обязательной практики для всех мест.",https://ethnomuseum.ru/collections/ethnocalendar/april/blagovewenie/,blago,Праздник и повседневность,К,Благовещение — ежегодная дата 7 апреля,Отобрать локальный рассказ или фото. Не повторять ошибочную связь 7 апреля с астрономическим равноденствием из обзорного текста.,Запись/альбом/описание; проверить локальность и пригодность,False,False
08.04,Пасхальное яйцо: подарок с обращением внутри,"Может ли маленький подарок рассказать, кто и кому его поднёс?","Открыть створки цифрового изображения, приблизить надпись, затем соединить дарителей и адресата. Прочитать подарок как человеческое обращение.","Москва, конец XIX в.; деревянное расписное яйцо из Музея имени Андрея Рублёва; подношение Елизавете Фёдоровне от московских старообрядцев, приемлющих священство. Размер 15,6 × 10 см; дерево, левкас, темпера, токарная работа.",https://ar.culture.ru/ru/subject/pashalnoe-yayco-1,egg,"Семья, вера и подарок",У,"условное размещение пасхального сюжета; праздник подвижный, это не его дата",Фото створок и надписи с правами. Не выдавать предание о Марии Магдалине за документальную историю происхождения обычая.,Есть адрес предметной карточки; сверить содержание и медиа,False,False
09.04,Каталочки: яйцо становится игровым снарядом,"Как выиграть пасхальное яйцо, не разбивая его?","Выбрать направление на условном деревянном желобе и скатить яйцо к другим. После хода увидеть, какой предмет задет и как меняется очередь по выбранному варианту правил.","Культура.РФ описывает пасхальное катание яиц с дощечки или горки, в том числе применение деревянных яиц. Источник обзорный; единые правила всех русских селений не заявляются.",https://www.culture.ru/themes/630/kak-na-rusi-otmechali-paskhu,rolling,Праздник и игра,У,"условное размещение пасхального сюжета; праздник подвижный, это не его дата",Выбрать и подписать местный вариант перед реализацией. Не обещать точную симуляцию движения реального яйца.,Запись/альбом/описание; проверить локальность и пригодность,False,False
10.04,Пасхальная открытка: праздник приходит по почте,"Как поздравить человека, до которого нельзя дойти пешком?","Рассмотреть несколько открыток РНБ и выбрать изобразительное обращение к близкому. Составить собственное короткое поздравление, сохранив подпись исторического образца.","РНБ, виртуальная выставка русской пасхальной открытки начала XX в. Представлены разные издатели и художники; конкретный лист с лицевой и оборотной стороной отбирается перед страницей.",https://expositions.nlr.ru/ex_print/paskha/,card,"Город, семья и переписка",У,"условное размещение пасхального сюжета; праздник подвижный, это не его дата",Выбрать одну карточку с годом и издателем; авторский текст посетителя не выдавать за историческую надпись.,Запись/альбом/описание; проверить локальность и пригодность,False,False
11.04,Сахароколка Бажовых: сладость подают кусочками,Зачем к чаепитию понадобились кусачки с маленьким поддоном?,"На схеме расколоть условный кусок сахара и увидеть, куда падают крошки. Перейти к семейному правилу Бажовых — сначала напоить гостя чаем.","Мемориальный дом-музей П. П. Бажова, Екатеринбург. Этикетка: конец XIX в.; описание уточняет, что точные время и завод неизвестны, уральское происхождение передаётся в семейных воспоминаниях.",https://ar.culture.ru/ru/subject/saharokolka,sugar,Гостеприимство,У,тематическое размещение; дата не является годовщиной,Фото механизма и поддона. Сохранить различие этикеточной датировки и неопределённости описания.,Есть адрес предметной карточки; сверить содержание и медиа,False,False
12.04,Хлебные лесенки: выпечка с направлением вверх,Как рассказать о духовном пути при помощи теста?,Сложить условный хлебец из продольной основы и перекладин; открыть связь формы с образом лестницы. Сопоставить объяснение церковного названия и народный обычай.,"12 апреля — день Иоанна Лествичника. РЭМ описывает хлебные лесенки, освящение и раздачу нуждающимся. Текст обобщающий, место и время конкретной записи не указаны.",https://ethnomuseum.ru/collections/ethnocalendar/april/den-ioanna-listvichnika/,ladder,Праздник и значение формы,К,День Иоанна Лествичника — ежегодная дата 12 апреля,Найти подписанный образец или обозначить форму реконструкцией. Число перекладин без локального источника не нормировать.,Запись/альбом/описание; проверить локальность и пригодность,False,False
13.04,Городецкая кофемолка: чего не хватает в деревянном кубе,"Куда делся кофе, если зёрна засыпали сверху?",Проследить путь зерна на схеме и выбрать место для приёмного ящичка. Включить условное восстановление утраченной детали рядом с подлинным видом вещи.,Первая половина XX в.; Городецкий музейный комплекс. Подарена Т. В. Дмитриевой из Нижнего Новгорода. На корпусе клеймо ВСНХ; ящик для молотого кофе не сохранился.,https://ar.culture.ru/ru/subject/kofemolka-12,coffee,Городской быт и музейная находка,У,тематическое размещение; дата не является годовщиной,"Фото отверстия и клейма; восстановленный ящик подписать как схему, не дорисовывать его незаметно в музейной фотографии.",Есть адрес предметной карточки; сверить содержание и медиа,False,False
14.04,Вафельница Рыбкиных: семейная память между створками,Почему тяжёлую чугунную вещь помнят по тарелке вафель?,Развести створки на схеме и сравнить их поверхность с отпечатком выпечки. Открыть историю передачи вещи в музей и отделить её от общих сведений о вафлях.,"Ленский историко-краеведческий музей; дар Валерьяна Гавриловича Рыбкина. Карточка датирует первую половину XX в., место обозначает «Российская империя» — точные год и завод не установлены.",https://ar.culture.ru/ru/subject/vafelnica-2,waffle,Семейная память и кухня,У,тематическое размещение; дата не является годовщиной,Фото обеих створок. Семейный рассказ пересказывать как память дарителя; не переносить историю изобретения из популярного обзора без проверки.,Есть адрес предметной карточки; сверить содержание и медиа,False,False
15.04,Дорожная чернильница: письмо начинается с маленькой крышки,"Как везти чернила с собой, когда ручку ещё надо обмакивать?","Рассмотреть крышку и внутренний сосуд, затем уложить условный набор для письма в дорогу. Каждый выбор показывает, какая вещь нужна для чернил, пера и бумаги.",Латунная дорожная чернильница XVIII в.; Ишимский музей им. П. П. Ершова. Музей сообщает о её использовании в одном из домов села Готопутово бывшего Ишимского уезда.,https://ar.culture.ru/ru/subject/chernilnica,ink,Переписка и дорога,У,тематическое размещение; дата не является годовщиной,Фото закрытого и открытого предмета. Имена владельцев и конкретное письмо неизвестны; дорожный комплект — пояснительная реконструкция.,Есть адрес предметной карточки; сверить содержание и медиа,False,False
16.04,Никита Водопол: у весны есть речное имя,Что в названии народного дня напоминает о движении воды?,Поставить рядом название дня и две подписанные фотографии весенней реки. Сравнить берега и уровень воды; отделить календарное имя от реального срока половодья.,"16 апреля, Никита Водопол, календарь РЭМ. Музейная карточка подтверждает название и дату; подробного описания местных рыбацких обрядов в ней нет. Сопоставление с рекой — наш сценарий.",https://ethnomuseum.ru/collections/ethnocalendar/april/sredokrestie-sredoposte1/,nikita,Речь и наблюдение за природой,К,Никита Водопол — ежегодная дата 16 апреля,Нужна пара снимков одной реки с датами и локальный этнографический комментарий. Не выводить точный день вскрытия рек из названия праздника.,Запись/альбом/описание; проверить локальность и пригодность,False,False
17.04,"Телефон из Берикуль: чтобы позвать, крутили ручку","Что делали с телефоном, у которого нет привычного набора номера?","Повернуть ручку индуктора на схеме и проследить путь вызова. Открыть историю аппарата, переданного местным жителем в музей.","Телефон ТАУ-1-МБ, Пермь, 1958 г.; Тисульский историко-краеведческий музей. Дар Александра Альбертовича Гафта, жителя посёлка Берикуль. Где именно аппарат работал, карточка не устанавливает.",https://ar.culture.ru/ru/subject/telefon-14,phone,Повседневная связь XX века,У,тематическое размещение; дата не является годовщиной,Фото модели и инструкция для точной схемы. Не придумывать домашний разговор дарителя или работу конкретной телефонной станции.,Есть адрес предметной карточки; сверить содержание и медиа,False,False
18.04,Шабалинский пестерь: береста за плечами,"Как освободить руки, когда несёшь всё нужное через лес?","Разместить условную поклажу в силуэте пестеря и включить вид сзади. Увидеть, как заплечная переноска отличается от ручной корзины и мартовского туеса.","XIX в., Шабалинский район; Шабалинский краеведческий музей, берестяное плетение, 60 × 47 × 27 см. Имя мастера и владельца не указаны.",https://ar.culture.ru/ru/subject/pester-1,pester,Дорога и хозяйство,У,тематическое размещение; дата не является годовщиной,Фото крепления лямок и масштаба. Не обещать расчёт допустимого веса или точной нагрузки на спину.,Есть адрес предметной карточки; сверить содержание и медиа,False,False
19.04,Вичугские грабли: каждый зуб работает рядом с другим,Почему много деревянных пальцев делают работу быстрее одного?,Провести условные грабли по схеме рыхлой земли: зубья собирают растительные остатки и разбивают комки. Разобрать соединение зубьев с колодкой.,"Вичугский городской музей, Ивановская область; в групповой карточке предмет № 1 — грабли конца XVIII — начала XIX в., дерево, 167 × 51 × 10 см.",https://ar.culture.ru/ru/subject/orudiya-grabli-vily-cep-kryuk-kochedyk,rake,Труд и земля,У,тематическое размещение; дата не является годовщиной,"Вырезать из группового фото именно предмет № 1 с разрешением. Апрель — знакомство с орудием, не всеобщая дата начала работ.",Есть адрес предметной карточки; сверить содержание и медиа,False,False
20.04,Гиагинский хомут: почему упряжь не просто ремень,Как передать усилие лошади повозке и распределить контакт с телом?,"На упрощённой схеме соединить хомут с остальными частями упряжи. Подсветить путь усилия и места прилегания, затем рассмотреть музейную конструкцию.","1920-е гг., станица Гиагинская; Гиагинский районный краеведческий музей, экспозиция «Казачья комната». Дерево, кожа, 60 × 33 см.",https://ar.culture.ru/ru/subject/homut-2,collar,Хозяйство Кубани,У,тематическое размещение; дата не является годовщиной,"Фото и проверенная схема упряжи. Это объяснение исторического устройства, не инструкция по подбору живому животному.",Есть адрес предметной карточки; сверить содержание и медиа,False,False
21.04,Бить баклуши: вернуть выражение в мастерскую,Почему работа с деревом стала выражением о безделье?,"Поставить рядом значение из словаря и условную заготовку ложки. Убирать лишнее дерево до грубой болванки; открыть, что подготовка материала — лишь часть работы.","В. И. Даль, словарная статья «Баклан»: значение «баклуша» помечено костромским и нижегородским употреблением. Источник XIX в., современная электронная публикация; это языковое свидетельство, не музейный экспонат.",https://www.culture.ru/lectures/dictionaries/49422/baklan,dal,Русская речь и мастерство,У,тематическое размещение; дата не является годовщиной,Подобрать реальную баклушу и запись ложкаря. Не объявлять словарное объяснение единственной доказанной этимологией выражения.,Запись/альбом/описание; проверить локальность и пригодность,False,False
22.04,Погарская колодка: сапог начинается с деревянной ноги,"Почему сапожнику нужна ещё одна нога, кроме ноги заказчика?","Примерить условную кожаную заготовку к колодке; увидеть, как форма держит будущий сапог. Открыть торговые связи погарских мастерских.","Начало XX в., Погар; музей «Радогощ», дерево, 30 × 9 см. Источник связывает ремесло с рынками Великороссии и Малороссии, отмечает местное слово «шавец». Сюжет о культурных связях пограничья; этничность мастера не установлена.",https://ar.culture.ru/ru/subject/sapozhnaya-kolodka,last,Соседство и ремесленные связи,У,тематическое размещение; дата не является годовщиной,Фото колодки и атрибутированный образец обуви. Не называть всех погарских мастеров русскими по современным административным границам.,Есть адрес предметной карточки; сверить содержание и медиа,False,False
23.04,Рожок Ф. Ровняка: голос пастуха становится музыкой,Может ли рабочий сигнал превратиться в мелодию для гулянья?,Прослушать подписанные примеры сигнала и наигрыша; отметить разницу ритма. Рассмотреть отверстия рожка и связь инструмента с пастушеским трудом.,"Ф. Ровняк, 1916 г., Митрофаново; Музей музыки, можжевельник, 63,8 см. Регион в карточке дан как «Ивановская область, Селивановский район»; историческую географию надо уточнить.",https://ar.culture.ru/ru/subject/rozhok-pastushiy,horn,Труд и музыка,У,тематическое размещение; дата не является годовщиной,Нужны две разрешённые записи с исполнителями; не выдавать современную запись за звук именно этого предмета. Географию уточнить до страницы.,Есть адрес предметной карточки; сверить содержание и медиа,False,False
24.04,Касимовка: у города есть свой звуковой порядок,Почему привычному гармонисту бывает трудно сыграть на другой гармони?,"Сравнить два проверенных коротких звукоряда и движение меха. На схеме увидеть, что одинаковый жест на разных системах может давать разные звуки.","XIX в., Касимовский уезд; Касимовский историко-культурный музей-заповедник. Двухрядная гармонь-касимовка, 35 × 34 × 17 см; музей описывает местные особенности звукоряда.",https://ar.culture.ru/ru/subject/garmon,garmon,Региональные традиции музыки,У,тематическое размещение; дата не является годовщиной,Нужны исполнитель и точная раскладка касимовки. Сравнение звука нельзя заменять обычной хромкой с новой подписью.,Есть адрес предметной карточки; сверить содержание и медиа,False,False
25.04,Балалайка Налимова: три струны выходят на сцену,"Что должен сделать мастер, чтобы знакомый инструмент зазвучал в оркестре?","Рассмотреть корпус и три струны, включить подписанные образцы приёмов игры. Переключить сольное звучание и ансамбль, проследить путь инструмента из быта на сцену.","Семён Иванович Налимов, 1902 г.; село Марьино-Андреевское Тверской губернии, Музей музыки. Ель, клён, чёрное дерево, перламутр, лак, металл.",https://ar.culture.ru/ru/subject/balalayka-prima-1,balalaika,Мастер и музыкальная жизнь,У,тематическое размещение; дата не является годовщиной,"Фото деталей и разрешённая исполнительская запись. Биографию мастера и реформу инструмента раскрывать по музейному источнику, не выдавать запись аналога за исторический звук.",Есть адрес предметной карточки; сверить содержание и медиа,False,False
26.04,Красная горка: выйти из зрителей в общий круг,"Что меняется в празднике, когда человек сам входит в хоровод?",На условной схеме занять место в круге и пройти простой фрагмент движения. Сравнить собственную последовательность с подписанной записью музейной программы.,"РЭМ, современная танцевально-игровая программа «Красная горка», 2026 г. Подтверждено сегодняшнее музейное представление традиции; это не полевая запись старинного деревенского праздника.",https://ethnomuseum.ru/events1/programs/arhiv-programm/krasnaya-gorka/tan-igro-prog-krasnaya-gorka/,redhill,Совместное участие,У,"условное размещение пасхального сюжета; праздник подвижный, это не его дата","Выбрать конкретный танец, ведущего и разрешённую запись. Красная горка — первое воскресенье после Пасхи, не постоянное 26 апреля.",Запись/альбом/описание; проверить локальность и пригодность,False,False
27.04,Русская Тростянка: как голоса держатся вместе,Почему народный хор не звучит как несколько одинаковых голосов?,Послушать короткую подписанную запись и отметить вступления голосов на ленте времени. Повторное прослушивание с пояснениями помогает услышать многоголосие и импровизацию.,"Село Русская Тростянка, Острогожский район Воронежской области; описание Центра русского фольклора на Культура.РФ. Этнос — русские; зафиксированы местные певческие приёмы и репертуар. Дата выбранной записи уточняется отдельно.",https://www.culture.ru/objects/382/pesennaya-tradiciya-sela-russkaya-trostyanka-ostrogozhskogo-raiona-voronezhskoi-oblasti,song,"Речь, голос и сообщество",У,тематическое размещение; дата не является годовщиной,"Выбрать конкретный трек и исполнителей, получить права. Отдельные голоса включать только при наличии исходных дорожек; стереозапись не выдавать за раздельные партии.",Запись/альбом/описание; проверить локальность и пригодность,False,False
28.04,Невьянские биты: заводское мастерство в детской игре,Почему детская игровая бита отлита из чугуна и украшена?,"Приблизить рисунок на подлинной бите; затем выбрать направление одного условного броска по расставленным бабкам. Узнать, как мастерство заводского города входило в досуг.","1858 г.; чугунные биты невьянских мастеров, Музей истории Невьянского края. Кто именно их изготовил и для кого, не установлено; семейные связи в карточке даны как предположение.",https://ar.culture.ru/ru/subject/bity-dlya-igry-v-babki,babki,Детство и заводской Урал,У,тематическое размещение; дата не является годовщиной,Выбрать одну биту и местный вариант правил. Не воспроизводить сомнительные большие расстояния бросков из популярного описания.,Есть адрес предметной карточки; сверить содержание и медиа,False,False
29.04,Патефон «Молот»: танцы помещаются в чемодан,"Как устроить музыкальный вечер там, где нет розетки?","Завести условную пружину, положить пластинку и проследить путь звука к встроенному рупору. Затем открыть, как переносной аппарат собирал людей вокруг музыки.","1940–1950-е гг., завод «Молот», Вятские Поляны; музей «Самарская Лука». Музейная карточка описывает пружинный привод и корпус для переноски. История конкретного прежнего владельца не дана.",https://ar.culture.ru/ru/subject/patefon-62,record,Досуг XX века,У,тематическое размещение; дата не является годовщиной,"Фото механизма, подходящая пластинка и права на запись. Не добавлять сочинённые воспоминания владельцев и точные минуты работы без документации.",Есть адрес предметной карточки; сверить содержание и медиа,False,False
30.04,Маргарита Стриленко: маленькая игра живёт сегодня,"Можно ли вытащить крошечную расписную вещь, не потревожив остальные?",Выбрать свободную бирюльку и осторожно провести условный крючок. Увеличить миниатюрный узор и увидеть современную работу мастера в старой игровой форме.,"Маргарита Николаевна Стриленко, Кандалакша, 2023 г.; Музей истории города Кандалакша. Набор бирюлек, токарная работа, борецкая роспись; фигурки размером 1–2 см. Англоязычный адрес карточки содержит русский текст.",https://ar.culture.ru/en/subject/nabor-biryulek,biryulki,Живая традиция и игра,У,тематическое размещение; дата не является годовщиной,"Фото набора с масштабом, запись мастера и разрешение. Не называть современную авторскую работу подлинником XIX века.",Есть адрес предметной карточки; сверить содержание и медиа,False,False
01.05,Калитка: граница между своим двором и улицей,"Что меняется, когда гость переступает порог двора?","Открыть схему двора, выбрать путь гостя и хозяина; сравнить их остановки у хозяйственных построек.","Тема-кандидат в рамках экспозиции РЭМ о русских. Конкретный предмет, местность, дата и подтверждение частного сюжета ещё подбираются; обзор не заменяет предметную атрибуцию.",https://ethnomuseum.ru/exposition/permanent/russians/,R,Дом и соседство,У,Редакционное размещение; не историческая дата возникновения.,"Подобрать указанные в механике предметы или записи, проверить локальную атрибуцию и права, подготовить подписанные иллюстрации. Механика — авторский замысел, ещё не реализована.",Общий обзор; нужен предмет,True,False
02.05,Телега: летний путь крестьянского хозяйства,Почему сани нельзя просто поставить на колёса?,"На условной модели заменить ходовую часть; увидеть различия опоры и места для груза, затем рассмотреть музейный образец.","Тема-кандидат в рамках экспозиции РЭМ о русских. Конкретный предмет, местность, дата и подтверждение частного сюжета ещё подбираются; обзор не заменяет предметную атрибуцию.",https://ethnomuseum.ru/exposition/permanent/russians/,R,Дорога,У,Редакционное размещение; не историческая дата возникновения.,"Подобрать указанные в механике предметы или записи, проверить локальную атрибуцию и права, подготовить подписанные иллюстрации. Механика — авторский замысел, ещё не реализована.",Общий обзор; нужен предмет,True,False
03.05,Косоворотка: маленькое смещение большого значения,Что первым замечаешь в мужской рубахе?,"Найти линию застёжки на увеличенном изображении; сопоставить её с рубахой другого покроя, без легенды о единственной причине возникновения.",Музейный альбом русских локальных костюмных комплексов; конкретный комплект уточняется перед страницей.,https://collection.ethnomuseum.ru/entity/ARTICLE/2311,costume,Одежда,У,Редакционное размещение; не историческая дата возникновения.,"Подобрать указанные в механике предметы или записи, проверить локальную атрибуцию и права, подготовить подписанные иллюстрации. Механика — авторский замысел, ещё не реализована.",Запись/альбом/описание; проверить локальность и пригодность,False,False
04.05,Ластовица: свобода движения в небольшом лоскуте,Как поднять руки в рубахе из прямых полотнищ?,Добавить деталь к условному крою и сравнить движение рукава. Точный крой взять с выбранной русской рубахи.,Музейный альбом русских локальных костюмных комплексов; конкретный комплект уточняется перед страницей.,https://collection.ethnomuseum.ru/entity/ARTICLE/2311,costume,Одежда,У,Редакционное размещение; не историческая дата возникновения.,"Подобрать указанные в механике предметы или записи, проверить локальную атрибуцию и права, подготовить подписанные иллюстрации. Механика — авторский замысел, ещё не реализована.",Запись/альбом/описание; проверить локальность и пригодность,False,False
05.05,Пастушеская сумка: день вдали от дома,"Что нужно взять человеку, который уйдёт со стадом на весь день?",Собрать набор по музейному описанию пастушеского быта; раскрыть назначение каждого выбранного предмета.,"Тема-кандидат в рамках экспозиции РЭМ о русских. Конкретный предмет, местность, дата и подтверждение частного сюжета ещё подбираются; обзор не заменяет предметную атрибуцию.",https://ethnomuseum.ru/exposition/permanent/russians/,R,Труд,У,Редакционное размещение; не историческая дата возникновения.,"Подобрать указанные в механике предметы или записи, проверить локальную атрибуцию и права, подготовить подписанные иллюстрации. Механика — авторский замысел, ещё не реализована.",Общий обзор; нужен предмет,True,False
06.05,Егорий вешний: первый выход стада,Почему начало выпаса становилось событием для деревни?,На карте выбранного села провести стадо от дворов к пастбищу; открыть подтверждённый местный обычай этого дня.,Этнокалендарь РЭМ; локальные варианты обычая требуют отдельного выбора.,https://ethnomuseum.ru/collections/ethnocalendar/may/egorev-den-yurev-den-egorij-veshnij/,egorev-den-yurev-den-egorij-veshnij,Народный календарь,К,Ежегодная дата по современному гражданскому календарю.,"Подобрать указанные в механике предметы или записи, проверить локальную атрибуцию и права, подготовить подписанные иллюстрации. Механика — авторский замысел, ещё не реализована.",Запись/альбом/описание; проверить локальность и пригодность,False,False
07.05,Ботало: найти животное по звуку,"Можно ли услышать, где пасётся твоя корова?",Сопоставить запись звучания с формой двух ботал; на условной звуковой карте найти движущийся источник.,"Тема-кандидат в рамках экспозиции РЭМ о русских. Конкретный предмет, местность, дата и подтверждение частного сюжета ещё подбираются; обзор не заменяет предметную атрибуцию.",https://ethnomuseum.ru/exposition/permanent/russians/,R,Труд и звук,У,Редакционное размещение; не историческая дата возникновения.,"Подобрать указанные в механике предметы или записи, проверить локальную атрибуцию и права, подготовить подписанные иллюстрации. Механика — авторский замысел, ещё не реализована.",Общий обзор; нужен предмет,True,False
08.05,Куриное гнездо: маленькое хозяйство внутри большого,Как двор помогает заботиться о домашних птицах?,"Расположить гнездо, корм и воду на схеме выбранного хозяйства; получить объяснение из музейного комментария.","Тема-кандидат в рамках экспозиции РЭМ о русских. Конкретный предмет, местность, дата и подтверждение частного сюжета ещё подбираются; обзор не заменяет предметную атрибуцию.",https://ethnomuseum.ru/exposition/permanent/russians/,R,Домашние животные,У,Редакционное размещение; не историческая дата возникновения.,"Подобрать указанные в механике предметы или записи, проверить локальную атрибуцию и права, подготовить подписанные иллюстрации. Механика — авторский замысел, ещё не реализована.",Общий обзор; нужен предмет,True,False
09.05,Семейная фотография после Победы,Какие следы большого события остаются в домашнем альбоме?,Рассмотреть выбранный подписанный семейный снимок; отделить видимые детали от воспоминаний владельцев и сохранить карточку памяти.,Этнокалендарь РЭМ; локальные варианты обычая требуют отдельного выбора.,https://ethnomuseum.ru/collections/ethnocalendar/may/den-pobedy/,den-pobedy,Семейная память,К,Ежегодная дата по современному гражданскому календарю.,"Подобрать указанные в механике предметы или записи, проверить локальную атрибуцию и права, подготовить подписанные иллюстрации. Механика — авторский замысел, ещё не реализована.",Запись/альбом/описание; проверить локальность и пригодность,False,False
10.05,Прямой сарафан: ткань собирается в объём,Как прямоугольные полотнища становятся просторной одеждой?,Собрать условные полотнища и стянуть верх; сопоставить силуэт с атрибутированным музейным сарафаном.,Музейный альбом русских локальных костюмных комплексов; конкретный комплект уточняется перед страницей.,https://collection.ethnomuseum.ru/entity/ARTICLE/2311,costume,Одежда,У,Редакционное размещение; не историческая дата возникновения.,"Подобрать указанные в механике предметы или записи, проверить локальную атрибуцию и права, подготовить подписанные иллюстрации. Механика — авторский замысел, ещё не реализована.",Запись/альбом/описание; проверить локальность и пригодность,False,False
11.05,Косоклинный сарафан: ширина спрятана в клиньях,"Можно ли расширить подол, сохранив узкий верх?",Переставить клинья выкройки; увидеть изменение силуэта и сравнить с прямым сарафаном из соседнего дня.,Музейный альбом русских локальных костюмных комплексов; конкретный комплект уточняется перед страницей.,https://collection.ethnomuseum.ru/entity/ARTICLE/2311,costume,Одежда,У,Редакционное размещение; не историческая дата возникновения.,"Подобрать указанные в механике предметы или записи, проверить локальную атрибуцию и права, подготовить подписанные иллюстрации. Механика — авторский замысел, ещё не реализована.",Запись/альбом/описание; проверить локальность и пригодность,False,False
12.05,Душегрея: короткая вещь поверх длинного сарафана,Как многослойность меняет весь костюм?,"Добавлять слои к одному музейному комплекту; увидеть, какие части скрываются и какие остаются видны.",Музейный альбом русских локальных костюмных комплексов; конкретный комплект уточняется перед страницей.,https://collection.ethnomuseum.ru/entity/ARTICLE/2311,costume,Одежда,У,Редакционное размещение; не историческая дата возникновения.,"Подобрать указанные в механике предметы или записи, проверить локальную атрибуцию и права, подготовить подписанные иллюстрации. Механика — авторский замысел, ещё не реализована.",Запись/альбом/описание; проверить локальность и пригодность,False,False
13.05,Передник-запон: повседневность выходит в узор,Почему рабочая вещь могла стать нарядной?,"Сравнить два документированных передника одной традиции; отметить материал, отделку и следы использования.",Документированная собирательская работа О. П. Семёновой; рязанские коллекции. Номер выбранной вещи уточняется перед страницей.,https://ethnomuseum.ru/collections/collectors/semenova-olga-petrovna/,collect,Рязанские традиции,У,Редакционное размещение; не историческая дата возникновения.,"Подобрать указанные в механике предметы или записи, проверить локальную атрибуцию и права, подготовить подписанные иллюстрации. Механика — авторский замысел, ещё не реализована.",Запись/альбом/описание; проверить локальность и пригодность,False,False
14.05,Косник: украшение на конце девичьей косы,Как небольшая деталь меняет причёску?,"Найти косник в музейном комплекте, развернуть увеличенную форму и связать способ крепления с местом в причёске.",Документированная собирательская работа О. П. Семёновой; рязанские коллекции. Номер выбранной вещи уточняется перед страницей.,https://ethnomuseum.ru/collections/collectors/semenova-olga-petrovna/,collect,Одежда и возраст,У,Редакционное размещение; не историческая дата возникновения.,"Подобрать указанные в механике предметы или записи, проверить локальную атрибуцию и права, подготовить подписанные иллюстрации. Механика — авторский замысел, ещё не реализована.",Запись/альбом/описание; проверить локальность и пригодность,False,False
15.05,Сорока: головной убор из нескольких частей,Что скрывается за одним названием?,Собрать слои по описанию выбранного рязанского убора; после каждого шага увидеть его функцию.,Документированная собирательская работа О. П. Семёновой; рязанские коллекции. Номер выбранной вещи уточняется перед страницей.,https://ethnomuseum.ru/collections/collectors/semenova-olga-petrovna/,collect,Региональный костюм,У,Редакционное размещение; не историческая дата возникновения.,"Подобрать указанные в механике предметы или записи, проверить локальную атрибуцию и права, подготовить подписанные иллюстрации. Механика — авторский замысел, ещё не реализована.",Запись/альбом/описание; проверить локальность и пригодность,False,False
16.05,Нагрудное украшение: наряд звучит и движется,Почему украшение интересно рассматривать не только спереди?,"Повернуть цифровую модель выбранного образца, найти подвесы и способ крепления; движение показать как реконструкцию.",Документированная собирательская работа О. П. Семёновой; рязанские коллекции. Номер выбранной вещи уточняется перед страницей.,https://ethnomuseum.ru/collections/collectors/semenova-olga-petrovna/,collect,Украшения,У,Редакционное размещение; не историческая дата возникновения.,"Подобрать указанные в механике предметы или записи, проверить локальную атрибуцию и права, подготовить подписанные иллюстрации. Механика — авторский замысел, ещё не реализована.",Запись/альбом/описание; проверить локальность и пригодность,False,False
17.05,Кумач: фабричная ткань входит в деревню,Как покупной материал меняет привычную рубаху?,Сравнить фактуру домотканого полотна и кумача на подписанных образцах; составить карточку обновления гардероба.,Музейный альбом русских локальных костюмных комплексов; конкретный комплект уточняется перед страницей.,https://collection.ethnomuseum.ru/entity/ARTICLE/2311,costume,Деревня и город,У,Редакционное размещение; не историческая дата возникновения.,"Подобрать указанные в механике предметы или записи, проверить локальную атрибуцию и права, подготовить подписанные иллюстрации. Механика — авторский замысел, ещё не реализована.",Запись/альбом/описание; проверить локальность и пригодность,False,False
18.05,Плис: нарядные штаны молодого парня,Какая ткань выдавала стремление одеться модно?,"Провести виртуальную лупу по поверхности ткани, сопоставить её с комплектом из Калужской губернии.",Музейный альбом русских локальных костюмных комплексов; конкретный комплект уточняется перед страницей.,https://collection.ethnomuseum.ru/entity/ARTICLE/2311,costume,Молодёжная мода,У,Редакционное размещение; не историческая дата возникновения.,"Подобрать указанные в механике предметы или записи, проверить локальную атрибуцию и права, подготовить подписанные иллюстрации. Механика — авторский замысел, ещё не реализована.",Запись/альбом/описание; проверить локальность и пригодность,False,False
19.05,Парочка: кофта и юбка как единый наряд,В какой момент городской силуэт становится деревенским?,Сравнить музейный пинежский комплект с сарафанным; выделить изменения кроя и сохранить два силуэта рядом.,Музейный альбом русских локальных костюмных комплексов; конкретный комплект уточняется перед страницей.,https://collection.ethnomuseum.ru/entity/ARTICLE/2311,costume,Мода и изменения,У,Редакционное размещение; не историческая дата возникновения.,"Подобрать указанные в механике предметы или записи, проверить локальную атрибуцию и права, подготовить подписанные иллюстрации. Механика — авторский замысел, ещё не реализована.",Запись/альбом/описание; проверить локальность и пригодность,False,False
20.05,Платок: один квадрат и разные способы ношения,Может ли один платок выглядеть как три разные вещи?,"Повторить по подписанным изображениям способы ношения; получить сравнение формы, не приписывая их всем русским женщинам.",Музейный альбом русских локальных костюмных комплексов; конкретный комплект уточняется перед страницей.,https://collection.ethnomuseum.ru/entity/ARTICLE/2311,costume,Одежда,У,Редакционное размещение; не историческая дата возникновения.,"Подобрать указанные в механике предметы или записи, проверить локальную атрибуцию и права, подготовить подписанные иллюстрации. Механика — авторский замысел, ещё не реализована.",Запись/альбом/описание; проверить локальность и пригодность,False,False
21.05,"Вознесение: праздник, который передвигается",Почему этот день нельзя навсегда поставить на 21 мая?,"Передвинуть Пасху на условной ленте, увидеть положение Вознесения через сорок дней; открыть один подтверждённый русский обычай.",Этнокалендарь РЭМ; локальные варианты обычая требуют отдельного выбора.,https://ethnomuseum.ru/collections/ethnocalendar/may/voznesenie/,voznesenie,Народный календарь,У,Подвижный праздник; номер строки не является его датой. Привязка уточняется для года показа.,"Подобрать указанные в механике предметы или записи, проверить локальную атрибуцию и права, подготовить подписанные иллюстрации. Механика — авторский замысел, ещё не реализована.",Запись/альбом/описание; проверить локальность и пригодность,False,False
22.05,Никола вешний: святой в хозяйственном году,Как одна память соединяла разные занятия людей?,Выбрать из музейного текста один местный сюжет; связать календарную дату с хозяйственным действием и картой места.,Этнокалендарь РЭМ; локальные варианты обычая требуют отдельного выбора.,https://ethnomuseum.ru/collections/ethnocalendar/may/nikola-veshnij-nikolin-den-den-nikolaya-chudotvorca/,nikola-veshnij-nikolin-den-den-nikolaya-chudotvorca,Народный календарь,К,Ежегодная дата по современному гражданскому календарю.,"Подобрать указанные в механике предметы или записи, проверить локальную атрибуцию и права, подготовить подписанные иллюстрации. Механика — авторский замысел, ещё не реализована.",Запись/альбом/описание; проверить локальность и пригодность,False,False
23.05,"Сапожные гвозди: крепление, которое обычно не видно",Что рассказывает подошва о работе мастера?,"Перевернуть выбранный сапог, найти шов и крепёж; сопоставить с поэтапной схемой изготовления.","Тема-кандидат в рамках экспозиции РЭМ о русских. Конкретный предмет, местность, дата и подтверждение частного сюжета ещё подбираются; обзор не заменяет предметную атрибуцию.",https://ethnomuseum.ru/exposition/permanent/russians/,R,Ремесло,У,Редакционное размещение; не историческая дата возникновения.,"Подобрать указанные в механике предметы или записи, проверить локальную атрибуцию и права, подготовить подписанные иллюстрации. Механика — авторский замысел, ещё не реализована.",Общий обзор; нужен предмет,True,False
24.05,Азбука в доме: буквы становятся семейным умением,"Как научиться читать, если книг совсем немного?",Разобрать страницу выбранной старой азбуки и составить слово из её букв; рядом открыть современное чтение.,Этнокалендарь РЭМ; локальные варианты обычая требуют отдельного выбора.,https://ethnomuseum.ru/collections/ethnocalendar/may/den-slavyanskoj-pismennosti-i-kultury-den-svyatyh-kirilla-i-mefodiya/,den-slavyanskoj-pismennosti-i-kultury-den-svyatyh-kirilla-i-mefodiya,Грамотность,К,Ежегодная дата по современному гражданскому календарю.,"Подобрать указанные в механике предметы или записи, проверить локальную атрибуцию и права, подготовить подписанные иллюстрации. Механика — авторский замысел, ещё не реализована.",Запись/альбом/описание; проверить локальность и пригодность,False,False
25.05,Медный замок: как запирали дорогие вещи,"Можно ли понять работу замка, не сломав его?",На условном разрезе повернуть ключ; увидеть движение запора и сопоставить конструкцию с музейной вещью.,"Тема-кандидат в рамках экспозиции РЭМ о русских. Конкретный предмет, местность, дата и подтверждение частного сюжета ещё подбираются; обзор не заменяет предметную атрибуцию.",https://ethnomuseum.ru/exposition/permanent/russians/,R,Домашнее имущество,У,Редакционное размещение; не историческая дата возникновения.,"Подобрать указанные в механике предметы или записи, проверить локальную атрибуцию и права, подготовить подписанные иллюстрации. Механика — авторский замысел, ещё не реализована.",Общий обзор; нужен предмет,True,False
26.05,Кованая петля: тяжёлая дверь на двух опорах,Что держит створку годами?,На схеме перенести точку крепления; наблюдать наклон створки и узнать назначение длинной металлической полосы.,"Тема-кандидат в рамках экспозиции РЭМ о русских. Конкретный предмет, местность, дата и подтверждение частного сюжета ещё подбираются; обзор не заменяет предметную атрибуцию.",https://ethnomuseum.ru/exposition/permanent/russians/,R,Кузнечное мастерство,У,Редакционное размещение; не историческая дата возникновения.,"Подобрать указанные в механике предметы или записи, проверить локальную атрибуцию и права, подготовить подписанные иллюстрации. Механика — авторский замысел, ещё не реализована.",Общий обзор; нужен предмет,True,False
27.05,"Лавка у дома: место, где узнают новости",Как небольшая скамья становится местом общения?,На подписанном снимке отметить участников и направление взгляда; собрать короткую сцену только из документированных сведений.,"Тема-кандидат в рамках экспозиции РЭМ о русских. Конкретный предмет, местность, дата и подтверждение частного сюжета ещё подбираются; обзор не заменяет предметную атрибуцию.",https://ethnomuseum.ru/exposition/permanent/russians/,R,Соседство,У,Редакционное размещение; не историческая дата возникновения.,"Подобрать указанные в механике предметы или записи, проверить локальную атрибуцию и права, подготовить подписанные иллюстрации. Механика — авторский замысел, ещё не реализована.",Общий обзор; нужен предмет,True,False
28.05,Семик: зелёные ветви в праздничном круге,Почему берёза появляется в рассказах о начале лета?,Сопоставить музейное описание и изображение одного обряда; восстановить последовательность действий с ветвями.,Этнокалендарь РЭМ; локальные варианты обычая требуют отдельного выбора.,https://ethnomuseum.ru/collections/ethnocalendar/may/semik-zelenye-svyatki/,semik-zelenye-svyatki,Народный календарь,У,Подвижный праздник; номер строки не является его датой. Привязка уточняется для года показа.,"Подобрать указанные в механике предметы или записи, проверить локальную атрибуцию и права, подготовить подписанные иллюстрации. Механика — авторский замысел, ещё не реализована.",Запись/альбом/описание; проверить локальность и пригодность,False,False
29.05,"Городецкий конь: движение, написанное кистью",Как несколько изгибов превращаются в бегущую лошадь?,"Выделить силуэт, затем добавить разрешённые для выбранного образца детали; сравнить собственный рисунок с работой мастера.",Тематический материал о росписи; музейный экземпляр и мастер подбираются отдельно.,https://www.culture.ru/materials/139105/zagadki-uzorov-russkikh-rospisei,paint,Роспись,У,Редакционное размещение; не историческая дата возникновения.,"Подобрать указанные в механике предметы или записи, проверить локальную атрибуцию и права, подготовить подписанные иллюстрации. Механика — авторский замысел, ещё не реализована.",Запись/альбом/описание; проверить локальность и пригодность,False,False
30.05,Мезенский ряд: ритм красного и чёрного,"Можно ли продолжить узор, не зная его названия?","Найти повтор в орнаментальной полосе, продолжить ряд и открыть название элементов по музейному описанию.",Тематический материал о росписи; музейный экземпляр и мастер подбираются отдельно.,https://www.culture.ru/materials/139105/zagadki-uzorov-russkikh-rospisei,paint,Роспись,У,Редакционное размещение; не историческая дата возникновения.,"Подобрать указанные в механике предметы или записи, проверить локальную атрибуцию и права, подготовить подписанные иллюстрации. Механика — авторский замысел, ещё не реализована.",Запись/альбом/описание; проверить локальность и пригодность,False,False
31.05,Троица: дом встречает зелёное лето,Что меняется в знакомом интерьере в праздничный день?,Наложить на схему дома подтверждённое для выбранного места убранство; открыть различие церковного праздника и местного обычая.,Этнокалендарь РЭМ; локальные варианты обычая требуют отдельного выбора.,https://ethnomuseum.ru/collections/ethnocalendar/may/troica-den-svyatoj-troicy-pyatidesyatnica/,troica-den-svyatoj-troicy-pyatidesyatnica,Народный календарь,У,Подвижный праздник; номер строки не является его датой. Привязка уточняется для года показа.,"Подобрать указанные в механике предметы или записи, проверить локальную атрибуцию и права, подготовить подписанные иллюстрации. Механика — авторский замысел, ещё не реализована.",Запись/альбом/описание; проверить локальность и пригодность,False,False
01.06,"Тряпичный мяч: игра начинается с того, что под рукой",Можно ли сделать упругую игрушку без резины?,Собрать условные слои мяча по выбранному музейному образцу; сравнить его форму и материалы с современным.,"Тема-кандидат в рамках экспозиции РЭМ о русских. Конкретный предмет, местность, дата и подтверждение частного сюжета ещё подбираются; обзор не заменяет предметную атрибуцию.",https://ethnomuseum.ru/exposition/permanent/russians/,R,Детство,У,Редакционное размещение; не историческая дата возникновения.,"Подобрать указанные в механике предметы или записи, проверить локальную атрибуцию и права, подготовить подписанные иллюстрации. Механика — авторский замысел, ещё не реализована.",Общий обзор; нужен предмет,True,False
02.06,Земля-именинница: у труда бывает пауза,Почему в народном календаре могли откладывать работу с землёй?,Выбрать действие из местного описания Духова дня; открыть его календарный и обрядовый контекст.,Этнокалендарь РЭМ; локальные варианты обычая требуют отдельного выбора.,https://ethnomuseum.ru/collections/ethnocalendar/june/duhov-den-den-svyatogo-duha-zemlya-imeninnica/,duhov-den-den-svyatogo-duha-zemlya-imeninnica,Народный календарь,У,Подвижный праздник; номер строки не является его датой. Привязка уточняется для года показа.,"Подобрать указанные в механике предметы или записи, проверить локальную атрибуцию и права, подготовить подписанные иллюстрации. Механика — авторский замысел, ещё не реализована.",Запись/альбом/описание; проверить локальность и пригодность,False,False
03.06,Олёна-льняница: имя дня и будущая ткань,Как июньский посев связан с зимней рубахой?,Соединить календарное имя с растением и конечной вещью; на ленте года увидеть длительность всего пути.,Этнокалендарь РЭМ; локальные варианты обычая требуют отдельного выбора.,https://ethnomuseum.ru/collections/ethnocalendar/june/olna-lnyanica-den-svyatyh-konstantina-i-eleny/,olna-lnyanica-den-svyatyh-konstantina-i-eleny,Народный календарь,К,Ежегодная дата по современному гражданскому календарю.,"Подобрать указанные в механике предметы или записи, проверить локальную атрибуцию и права, подготовить подписанные иллюстрации. Механика — авторский замысел, ещё не реализована.",Запись/альбом/описание; проверить локальность и пригодность,False,False
04.06,"Горелки: поймать момент, когда пара разбегается",Что важнее в этой игре — скорость или внимание?,Пройти один короткий раунд на схеме; после выбора получить разбор по выбранному варианту правил.,"Современное описание народных игр учреждением культуры, 2021. Местный исторический вариант правил ещё выбирается.",https://www.culture.ru/events/944859/onlain-chas-russkie-narodnye-igry,games,Подвижные игры,У,Редакционное размещение; не историческая дата возникновения.,"Подобрать указанные в механике предметы или записи, проверить локальную атрибуцию и права, подготовить подписанные иллюстрации. Механика — авторский замысел, ещё не реализована.",Запись/альбом/описание; проверить локальность и пригодность,False,False
05.06,Лапта: успеть добежать и вернуться,"Когда выгоднее бежать, а когда ждать?",Выбрать момент старта в условном игровом эпизоде; увидеть ответ команды соперников и объяснение решения.,"Современное описание народных игр учреждением культуры, 2021. Местный исторический вариант правил ещё выбирается.",https://www.culture.ru/events/944859/onlain-chas-russkie-narodnye-igry,games,Командная игра,У,Редакционное размещение; не историческая дата возникновения.,"Подобрать указанные в механике предметы или записи, проверить локальную атрибуцию и права, подготовить подписанные иллюстрации. Механика — авторский замысел, ещё не реализована.",Запись/альбом/описание; проверить локальность и пригодность,False,False
06.06,"Городки: пять чурок, множество фигур",Как одна и та же пятёрка создаёт разные задачи?,"Собрать две фигуры по музейной иллюстрации, наметить бросок и сравнить, какие части фигуры он затронет.","Тема-кандидат в рамках экспозиции РЭМ о русских. Конкретный предмет, местность, дата и подтверждение частного сюжета ещё подбираются; обзор не заменяет предметную атрибуцию.",https://ethnomuseum.ru/exposition/permanent/russians/,R,Игры,У,Редакционное размещение; не историческая дата возникновения.,"Подобрать указанные в механике предметы или записи, проверить локальную атрибуцию и права, подготовить подписанные иллюстрации. Механика — авторский замысел, ещё не реализована.",Общий обзор; нужен предмет,True,False
07.06,Салочки: маленькое изменение правил меняет игру,Зачем участники заранее договариваются о границах?,Передвинуть границу площадки на схеме и проиграть один эпизод; увидеть роль общего правила.,"Современное описание народных игр учреждением культуры, 2021. Местный исторический вариант правил ещё выбирается.",https://www.culture.ru/events/944859/onlain-chas-russkie-narodnye-igry,games,Детское сообщество,У,Редакционное размещение; не историческая дата возникновения.,"Подобрать указанные в механике предметы или записи, проверить локальную атрибуцию и права, подготовить подписанные иллюстрации. Механика — авторский замысел, ещё не реализована.",Запись/альбом/описание; проверить локальность и пригодность,False,False
08.06,Считалка: выбрать водящего без спора,Как ритм помогает группе принять решение?,"Проговорить выбранную записанную считалку по долям, распределить слоги между участниками и узнать её место записи.","Современное описание народных игр учреждением культуры, 2021. Местный исторический вариант правил ещё выбирается.",https://www.culture.ru/events/944859/onlain-chas-russkie-narodnye-igry,games,Речь и игра,У,Редакционное размещение; не историческая дата возникновения.,"Подобрать указанные в механике предметы или записи, проверить локальную атрибуцию и права, подготовить подписанные иллюстрации. Механика — авторский замысел, ещё не реализована.",Запись/альбом/описание; проверить локальность и пригодность,False,False
09.06,Самодельная кукла: костюм в ладони,Может ли игрушка сохранить подробности взрослого наряда?,Сопоставить музейную игровую куклу с одеждой той же местной традиции; найти три общие детали.,Музейный альбом русских локальных костюмных комплексов; конкретный комплект уточняется перед страницей.,https://collection.ethnomuseum.ru/entity/ARTICLE/2311,costume,Детство и костюм,У,Редакционное размещение; не историческая дата возникновения.,"Подобрать указанные в механике предметы или записи, проверить локальную атрибуцию и права, подготовить подписанные иллюстрации. Механика — авторский замысел, ещё не реализована.",Запись/альбом/описание; проверить локальность и пригодность,False,False
10.06,Тимоня: ноги отвечают наигрышу,Как услышать момент для движения?,Отметить опорные доли подписанного наигрыша; включить видео и сопоставить их с движением танцующих.,Русские; курско-белгородское пограничье. Запись и исполнителей следует выбрать из материалов традиции.,https://www.culture.ru/objects/475/muzykalno-khoreograficheskaya-forma-timonya-v-tradicii-kursko-belgorodskogo-pogranichya,timonya,Музыка и движение,У,Редакционное размещение; не историческая дата возникновения.,"Подобрать указанные в механике предметы или записи, проверить локальную атрибуцию и права, подготовить подписанные иллюстрации. Механика — авторский замысел, ещё не реализована.",Запись/альбом/описание; проверить локальность и пригодность,False,False
11.06,Карагод: круг не всегда движется одинаково,Как участники сохраняют общее движение?,На схеме одной записанной пляски выбрать направление шага; увидеть согласованное движение группы.,Русские; курско-белгородское пограничье. Запись и исполнителей следует выбрать из материалов традиции.,https://www.culture.ru/objects/475/muzykalno-khoreograficheskaya-forma-timonya-v-tradicii-kursko-belgorodskogo-pogranichya,timonya,Совместное участие,У,Редакционное размещение; не историческая дата возникновения.,"Подобрать указанные в механике предметы или записи, проверить локальную атрибуцию и права, подготовить подписанные иллюстрации. Механика — авторский замысел, ещё не реализована.",Запись/альбом/описание; проверить локальность и пригодность,False,False
12.06,Плясовой ансамбль: инструменты разговаривают,"Кто ведёт, а кто отвечает?",На общей записи отметить вступления инструментов; отдельные партии включать только при наличии исходных дорожек.,Русские; курско-белгородское пограничье. Запись и исполнителей следует выбрать из материалов традиции.,https://www.culture.ru/objects/475/muzykalno-khoreograficheskaya-forma-timonya-v-tradicii-kursko-belgorodskogo-pogranichya,timonya,Музыка,У,Редакционное размещение; не историческая дата возникновения.,"Подобрать указанные в механике предметы или записи, проверить локальную атрибуцию и права, подготовить подписанные иллюстрации. Механика — авторский замысел, ещё не реализована.",Запись/альбом/описание; проверить локальность и пригодность,False,False
13.06,Фощеватово: песня сопровождает полотьё,Может ли рабочее дело иметь свой напев?,Сравнить подписанный сезонный припев с другим жанром той же традиции; отметить длину фраз и повтор.,"Русские; Фощеватово, Белгородская область. Локальная песенная традиция; дату и исполнителей выбранной записи уточнить.",https://www.culture.ru/objects/2145,fosh,Труд и песня,У,Редакционное размещение; не историческая дата возникновения.,"Подобрать указанные в механике предметы или записи, проверить локальную атрибуцию и права, подготовить подписанные иллюстрации. Механика — авторский замысел, ещё не реализована.",Запись/альбом/описание; проверить локальность и пригодность,False,False
14.06,Лопатни: старые и новые песни в одном селе,Почему соседние песни звучат так по-разному?,Послушать два атрибутированных фрагмента разных слоёв репертуара; открыть время и обстоятельства записи.,"Русские; село Лопатни, Брянская область. Конкретные записи и исполнители выбираются перед производством.",https://www.culture.ru/objects/2836/pesennaya-tradiciya-sela-lopatni-klincovskogo-raiona-bryanskoi-oblasti,lopatni,Живая традиция,У,Редакционное размещение; не историческая дата возникновения.,"Подобрать указанные в механике предметы или записи, проверить локальную атрибуцию и права, подготовить подписанные иллюстрации. Механика — авторский замысел, ещё не реализована.",Запись/альбом/описание; проверить локальность и пригодность,False,False
15.06,Песни Осереди: длинная фраза держит слушателя,"Где заканчивается строка, если мелодия ещё продолжается?",Проследить текст и напев по общей ленте; отметить распев и услышать фразу повторно.,"Русские; сёла Пузево, Клёповка, Гвазда Воронежской области. Источник отмечает прерывание естественной передачи традиции.",https://www.culture.ru/objects/1920/protyazhnye-pesni-sel-po-reke-osered-buturlinovskogo-raiona-voronezhskoi-oblasti,osered,Песенная культура,У,Редакционное размещение; не историческая дата возникновения.,"Подобрать указанные в механике предметы или записи, проверить локальную атрибуцию и права, подготовить подписанные иллюстрации. Механика — авторский замысел, ещё не реализована.",Запись/альбом/описание; проверить локальность и пригодность,False,False
16.06,Скрипучее колесо колодца: поднять воду вместе,Как ворот меняет усилие человека?,Повернуть условную рукоять и проследить движение ведра; сравнить устройство с выбранным документированным колодцем.,"Тема-кандидат в рамках экспозиции РЭМ о русских. Конкретный предмет, местность, дата и подтверждение частного сюжета ещё подбираются; обзор не заменяет предметную атрибуцию.",https://ethnomuseum.ru/exposition/permanent/russians/,R,Хозяйство,У,Редакционное размещение; не историческая дата возникновения.,"Подобрать указанные в механике предметы или записи, проверить локальную атрибуцию и права, подготовить подписанные иллюстрации. Механика — авторский замысел, ещё не реализована.",Общий обзор; нужен предмет,True,False
17.06,Огородная гряда: еда начинается рядом с домом,Как распределить небольшой участок между разными культурами?,По описанию конкретного хозяйства разложить культуры на схеме; получить сезонную карту ухода без агрономических нормативов.,История повседневного питания; региональный рецепт и посуда подбираются отдельно.,https://www.culture.ru/s/vopros/chto-eli-do-kartoshki/,food,Питание и труд,У,Редакционное размещение; не историческая дата возникновения.,"Подобрать указанные в механике предметы или записи, проверить локальную атрибуцию и права, подготовить подписанные иллюстрации. Механика — авторский замысел, ещё не реализована.",Запись/альбом/описание; проверить локальность и пригодность,False,False
18.06,Репа: привычный овощ до картофельного стола,Почему старый рассказ о репке понятен через хозяйство?,Сопоставить изображение растения с кухонным сюжетом; собрать путь от гряды к подаче по выбранному источнику.,История повседневного питания; региональный рецепт и посуда подбираются отдельно.,https://www.culture.ru/s/vopros/chto-eli-do-kartoshki/,food,Питание,У,Редакционное размещение; не историческая дата возникновения.,"Подобрать указанные в механике предметы или записи, проверить локальную атрибуцию и права, подготовить подписанные иллюстрации. Механика — авторский замысел, ещё не реализована.",Запись/альбом/описание; проверить локальность и пригодность,False,False
19.06,Щавель и зелёный стол: сезон меняет обед,Что в летней еде нельзя повторить зимой без запасов?,Сравнить два сезонных меню выбранной местности; подсветить свежие и заготовленные продукты.,История повседневного питания; региональный рецепт и посуда подбираются отдельно.,https://www.culture.ru/s/vopros/chto-eli-do-kartoshki/,food,Сезонная кухня,У,Редакционное размещение; не историческая дата возникновения.,"Подобрать указанные в механике предметы или записи, проверить локальную атрибуцию и права, подготовить подписанные иллюстрации. Механика — авторский замысел, ещё не реализована.",Запись/альбом/описание; проверить локальность и пригодность,False,False
20.06,Рыболовный поплавок: маленькая вещь передаёт сигнал,Что видно над водой и что происходит под ней?,На условном разрезе изменить положение лески; связать движение поплавка с изменением натяжения.,"Тема-кандидат в рамках экспозиции РЭМ о русских. Конкретный предмет, местность, дата и подтверждение частного сюжета ещё подбираются; обзор не заменяет предметную атрибуцию.",https://ethnomuseum.ru/exposition/permanent/russians/,R,Рыбная ловля,У,Редакционное размещение; не историческая дата возникновения.,"Подобрать указанные в механике предметы или записи, проверить локальную атрибуцию и права, подготовить подписанные иллюстрации. Механика — авторский замысел, ещё не реализована.",Общий обзор; нужен предмет,True,False
21.06,Фёдор Стратилат: наблюдать летнюю погоду,Почему названия дней хранят внимание к погоде?,Сопоставить народное наблюдение из музейного текста с фотографиями; отделить историческую примету от прогноза.,Этнокалендарь РЭМ; локальные варианты обычая требуют отдельного выбора.,https://ethnomuseum.ru/collections/ethnocalendar/june/fdor-stratilat/,fdor-stratilat,Народный календарь,К,Ежегодная дата по современному гражданскому календарю.,"Подобрать указанные в механике предметы или записи, проверить локальную атрибуцию и права, подготовить подписанные иллюстрации. Механика — авторский замысел, ещё не реализована.",Запись/альбом/описание; проверить локальность и пригодность,False,False
22.06,Рыбная мережа: вход легче выхода,Как плетёная ловушка удерживает добычу?,Проследить условный путь внутри выбранной конструкции; открыть назначение входной воронки.,"Тема-кандидат в рамках экспозиции РЭМ о русских. Конкретный предмет, местность, дата и подтверждение частного сюжета ещё подбираются; обзор не заменяет предметную атрибуцию.",https://ethnomuseum.ru/exposition/permanent/russians/,R,Рыбная ловля,У,Редакционное размещение; не историческая дата возникновения.,"Подобрать указанные в механике предметы или записи, проверить локальную атрибуцию и права, подготовить подписанные иллюстрации. Механика — авторский замысел, ещё не реализована.",Общий обзор; нужен предмет,True,False
23.06,Черпак в лодке: простая вещь для важного дела,"Зачем лодочнику сосуд, которым ничего не пьют?",Найти черпак среди вещей рыбака и показать его работу на условной схеме лодки.,"Тема-кандидат в рамках экспозиции РЭМ о русских. Конкретный предмет, местность, дата и подтверждение частного сюжета ещё подбираются; обзор не заменяет предметную атрибуцию.",https://ethnomuseum.ru/exposition/permanent/russians/,R,Жизнь у воды,У,Редакционное размещение; не историческая дата возникновения.,"Подобрать указанные в механике предметы или записи, проверить локальную атрибуцию и права, подготовить подписанные иллюстрации. Механика — авторский замысел, ещё не реализована.",Общий обзор; нужен предмет,True,False
24.06,Окно с наличником: красота закрывает щель,Какая часть узора одновременно решает бытовую задачу?,"Снять наличник со схемы, увидеть место стыка и вернуть его; приблизить резьбу выбранного образца.","Тема-кандидат в рамках экспозиции РЭМ о русских. Конкретный предмет, местность, дата и подтверждение частного сюжета ещё подбираются; обзор не заменяет предметную атрибуцию.",https://ethnomuseum.ru/exposition/permanent/russians/,R,Дом и мастерство,У,Редакционное размещение; не историческая дата возникновения.,"Подобрать указанные в механике предметы или записи, проверить локальную атрибуцию и права, подготовить подписанные иллюстрации. Механика — авторский замысел, ещё не реализована.",Общий обзор; нужен предмет,True,False
25.06,Ставни: у окна есть ещё одна одежда,"Как меняется дом, когда ставни закрывают?",Переключить состояния выбранного окна; сравнить освещение и внешний рисунок фасада.,"Тема-кандидат в рамках экспозиции РЭМ о русских. Конкретный предмет, местность, дата и подтверждение частного сюжета ещё подбираются; обзор не заменяет предметную атрибуцию.",https://ethnomuseum.ru/exposition/permanent/russians/,R,Дом,У,Редакционное размещение; не историческая дата возникновения.,"Подобрать указанные в механике предметы или записи, проверить локальную атрибуцию и права, подготовить подписанные иллюстрации. Механика — авторский замысел, ещё не реализована.",Общий обзор; нужен предмет,True,False
26.06,Акулина-гречишница: растение в имени дня,Как отличить гречиху от привычного хлебного колоса?,Сопоставить подписанные растения и семена; открыть народное имя дня и местный хозяйственный контекст.,Этнокалендарь РЭМ; локальные варианты обычая требуют отдельного выбора.,https://ethnomuseum.ru/collections/ethnocalendar/june/akulina-grechishnica/,akulina-grechishnica,Народный календарь,К,Ежегодная дата по современному гражданскому календарю.,"Подобрать указанные в механике предметы или записи, проверить локальную атрибуцию и права, подготовить подписанные иллюстрации. Механика — авторский замысел, ещё не реализована.",Запись/альбом/описание; проверить локальность и пригодность,False,False
27.06,Гречневая крупа: маленькая трёхгранная форма,Почему крупа не похожа на длинное зерно ржи?,Под лупой сравнить формы семян нескольких культур; собрать карточку будущего блюда.,История повседневного питания; региональный рецепт и посуда подбираются отдельно.,https://www.culture.ru/s/vopros/chto-eli-do-kartoshki/,food,Питание,У,Редакционное размещение; не историческая дата возникновения.,"Подобрать указанные в механике предметы или записи, проверить локальную атрибуцию и права, подготовить подписанные иллюстрации. Механика — авторский замысел, ещё не реализована.",Запись/альбом/описание; проверить локальность и пригодность,False,False
28.06,Веерная кисть листьев: растительный узор в Жостово,Как цветы удерживают композицию на круглом подносе?,Переместить главные цветы и листья на условном круге; сравнить равновесие со снимком мастерской работы.,Тематический материал о росписи; музейный экземпляр и мастер подбираются отдельно.,https://www.culture.ru/materials/139105/zagadki-uzorov-russkikh-rospisei,paint,Роспись,У,Редакционное размещение; не историческая дата возникновения.,"Подобрать указанные в механике предметы или записи, проверить локальную атрибуцию и права, подготовить подписанные иллюстрации. Механика — авторский замысел, ещё не реализована.",Запись/альбом/описание; проверить локальность и пригодность,False,False
29.06,Филимоновская свистулька: вытянутая глиняная фигура,Как узнать игрушку ещё до раскраски?,Сопоставить силуэты нескольких подписанных игрушек; выбрать характерную форму и рассмотреть её конструкцию.,"Кандидат по названному промыслу. Обзор Культура.РФ — исходный ориентир; конкретная вещь, автор, дата и частные технологические сведения требуют предметной проверки.",https://www.culture.ru/s/narodnye-promysly-rossii/,craft,Игрушечное ремесло,У,Редакционное размещение; не историческая дата возникновения.,"Подобрать указанные в механике предметы или записи, проверить локальную атрибуцию и права, подготовить подписанные иллюстрации. Механика — авторский замысел, ещё не реализована.",Общий обзор; нужен предмет,True,False
30.06,Летнее письмо домой: новости помещаются на листе,Что человек выбирает рассказать близким прежде всего?,"На выбранном подлинном письме выделить приветствие, новости и просьбы; собрать краткую карту семейных связей.","Тема-кандидат в рамках экспозиции РЭМ о русских. Конкретный предмет, местность, дата и подтверждение частного сюжета ещё подбираются; обзор не заменяет предметную атрибуцию.",https://ethnomuseum.ru/exposition/permanent/russians/,R,Личная история,У,Редакционное размещение; не историческая дата возникновения.,"Подобрать указанные в механике предметы или записи, проверить локальную атрибуцию и права, подготовить подписанные иллюстрации. Механика — авторский замысел, ещё не реализована.",Общий обзор; нужен предмет,True,False
01.07,Коса-горбуша: инструмент подсказывает движение,Почему не всякой косой работают одинаково?,"Сопоставить музейную демонстрацию горбуши и другой косы; на схеме повторить траекторию, не предлагая тренировку с лезвием.","Современная музейная демонстрация сенокоса, Кижи, июль 2026. Исторические приёмы и современная демонстрация различаются.",https://kizhi.karelia.ru/news/tradiczionnyij-senokos,hay,Сенокос,У,Редакционное размещение; не историческая дата возникновения.,"Подобрать указанные в механике предметы или записи, проверить локальную атрибуцию и права, подготовить подписанные иллюстрации. Механика — авторский замысел, ещё не реализована.",Запись/альбом/описание; проверить локальность и пригодность,False,False
02.07,"Косовище: рукоять, которую подгоняют под человека","Что меняется, если рукоять слишком длинна?",На условной модели изменить положение хвата; сопоставить с движением демонстратора на записи.,"Современная музейная демонстрация сенокоса, Кижи, июль 2026. Исторические приёмы и современная демонстрация различаются.",https://kizhi.karelia.ru/news/tradiczionnyij-senokos,hay,Сенокос,У,Редакционное размещение; не историческая дата возникновения.,"Подобрать указанные в механике предметы или записи, проверить локальную атрибуцию и права, подготовить подписанные иллюстрации. Механика — авторский замысел, ещё не реализована.",Запись/альбом/описание; проверить локальность и пригодность,False,False
03.07,Брусок косаря: острота требует заботы,Почему работа в поле прерывается короткими остановками?,Найти момент ухода за инструментом в музейном видео; связать его с последовательностью работы.,"Современная музейная демонстрация сенокоса, Кижи, июль 2026. Исторические приёмы и современная демонстрация различаются.",https://kizhi.karelia.ru/news/tradiczionnyij-senokos,hay,Сенокос,У,Редакционное размещение; не историческая дата возникновения.,"Подобрать указанные в механике предметы или записи, проверить локальную атрибуцию и права, подготовить подписанные иллюстрации. Механика — авторский замысел, ещё не реализована.",Запись/альбом/описание; проверить локальность и пригодность,False,False
04.07,Покос на неделю: что берут с собой,"Как устроить жизнь, когда рабочее место далеко от дома?","Собрать по локальному описанию набор вещей для покоса; увидеть, кто и за что отвечает.","Тема-кандидат в рамках экспозиции РЭМ о русских. Конкретный предмет, местность, дата и подтверждение частного сюжета ещё подбираются; обзор не заменяет предметную атрибуцию.",https://ethnomuseum.ru/exposition/permanent/russians/,R,Сезонный труд,У,Редакционное размещение; не историческая дата возникновения.,"Подобрать указанные в механике предметы или записи, проверить локальную атрибуцию и права, подготовить подписанные иллюстрации. Механика — авторский замысел, ещё не реализована.",Общий обзор; нужен предмет,True,False
05.07,Сено на просушке: поспешность может испортить запас,Почему скошенную траву не сразу уносят под крышу?,Переставить стадии заготовки на условной ленте; открыть объяснение музейного демонстратора.,"Современная музейная демонстрация сенокоса, Кижи, июль 2026. Исторические приёмы и современная демонстрация различаются.",https://kizhi.karelia.ru/news/tradiczionnyij-senokos,hay,Сенокос,У,Редакционное размещение; не историческая дата возникновения.,"Подобрать указанные в механике предметы или записи, проверить локальную атрибуцию и права, подготовить подписанные иллюстрации. Механика — авторский замысел, ещё не реализована.",Запись/альбом/описание; проверить локальность и пригодность,False,False
06.07,Аграфена Купальница: банный обычай перед праздником,Почему у летнего дня такое имя?,Рассмотреть принадлежности выбранного банного обычая; собрать последовательность только по локальному описанию.,Этнокалендарь РЭМ; локальные варианты обычая требуют отдельного выбора.,https://ethnomuseum.ru/collections/ethnocalendar/july/agrafena-kupalnica-kupalwica/,agrafena-kupalnica-kupalwica,Народный календарь,К,Ежегодная дата по современному гражданскому календарю.,"Подобрать указанные в механике предметы или записи, проверить локальную атрибуцию и права, подготовить подписанные иллюстрации. Механика — авторский замысел, ещё не реализована.",Запись/альбом/описание; проверить локальность и пригодность,False,False
07.07,Иван Купала: праздник и рассказ о чудесном цветке,Как отличить народное предание от свойства растения?,"Разнести фрагменты музейного рассказа по слоям: обряд, поверье, современная демонстрация; открыть пояснение каждого.",Этнокалендарь РЭМ; локальные варианты обычая требуют отдельного выбора.,https://ethnomuseum.ru/collections/ethnocalendar/july/ivan-kupala-rozhdestvo-svyatogo-ioanna-krestitelya-ivanov-den/,ivan-kupala-rozhdestvo-svyatogo-ioanna-krestitelya-ivanov-den,Предание и праздник,К,Ежегодная дата по современному гражданскому календарю.,"Подобрать указанные в механике предметы или записи, проверить локальную атрибуцию и права, подготовить подписанные иллюстрации. Механика — авторский замысел, ещё не реализована.",Запись/альбом/описание; проверить локальность и пригодность,False,False
08.07,Семейный стол: кто кому приходится,Можно ли разобраться в большой семье по одному рассказу?,Построить схему родства по выбранному семейному свидетельству; подсветить связь каждого участника с рассказчиком.,Этнокалендарь РЭМ; локальные варианты обычая требуют отдельного выбора.,https://ethnomuseum.ru/collections/ethnocalendar/july/vserossijskij-den-semi-lyubvi-i-vernosti/,vserossijskij-den-semi-lyubvi-i-vernosti,Семья,К,Ежегодная дата по современному гражданскому календарю.,"Подобрать указанные в механике предметы или записи, проверить локальную атрибуцию и права, подготовить подписанные иллюстрации. Механика — авторский замысел, ещё не реализована.",Запись/альбом/описание; проверить локальность и пригодность,False,False
09.07,Сеновал: запас над хозяйственным двором,"Как разместить много лёгкого, но объёмного груза?",На схеме выбранного дома найти путь сена наверх; сопоставить хранение с устройством двора.,"Тема-кандидат в рамках экспозиции РЭМ о русских. Конкретный предмет, местность, дата и подтверждение частного сюжета ещё подбираются; обзор не заменяет предметную атрибуцию.",https://ethnomuseum.ru/exposition/permanent/russians/,R,Дом и хозяйство,У,Редакционное размещение; не историческая дата возникновения.,"Подобрать указанные в механике предметы или записи, проверить локальную атрибуцию и права, подготовить подписанные иллюстрации. Механика — авторский замысел, ещё не реализована.",Общий обзор; нужен предмет,True,False
10.07,Летняя артель: большое дело делят на части,Как несколько людей работают без одинаковых заданий?,"Распределить роли по документированному описанию совместной работы; увидеть, где возникает ожидание.","Тема-кандидат в рамках экспозиции РЭМ о русских. Конкретный предмет, местность, дата и подтверждение частного сюжета ещё подбираются; обзор не заменяет предметную атрибуцию.",https://ethnomuseum.ru/exposition/permanent/russians/,R,Взаимопомощь,У,Редакционное размещение; не историческая дата возникновения.,"Подобрать указанные в механике предметы или записи, проверить локальную атрибуцию и права, подготовить подписанные иллюстрации. Механика — авторский замысел, ещё не реализована.",Общий обзор; нужен предмет,True,False
11.07,Обед в поле: еда путешествует к работникам,"Как накормить семью, когда все далеко от печи?",Собрать дорожный набор по музейному описанию; объяснить выбор вместительной и переносной посуды.,"Тема-кандидат в рамках экспозиции РЭМ о русских. Конкретный предмет, местность, дата и подтверждение частного сюжета ещё подбираются; обзор не заменяет предметную атрибуцию.",https://ethnomuseum.ru/exposition/permanent/russians/,R,Труд и питание,У,Редакционное размещение; не историческая дата возникновения.,"Подобрать указанные в механике предметы или записи, проверить локальную атрибуцию и права, подготовить подписанные иллюстрации. Механика — авторский замысел, ещё не реализована.",Общий обзор; нужен предмет,True,False
12.07,Петров день: лето меняет ритм работ,Что связывает праздник и начало сенокоса в Кижах?,Соединить дату с подтверждённой современной музейной демонстрацией; отдельно открыть историческое описание праздника.,Этнокалендарь РЭМ; локальные варианты обычая требуют отдельного выбора.,https://ethnomuseum.ru/collections/ethnocalendar/july/petrov-den-den-apostolov-petra-i-pavla/,petrov-den-den-apostolov-petra-i-pavla,Народный календарь,К,Ежегодная дата по современному гражданскому календарю.,"Подобрать указанные в механике предметы или записи, проверить локальную атрибуцию и права, подготовить подписанные иллюстрации. Механика — авторский замысел, ещё не реализована.",Запись/альбом/описание; проверить локальность и пригодность,False,False
13.07,Вёсла: движение лодки зависит от согласия,Почему два сильных гребца могут мешать друг другу?,Задать ритм двум условным вёслам; увидеть поворот лодки и добиться прямого движения.,"Тема-кандидат в рамках экспозиции РЭМ о русских. Конкретный предмет, местность, дата и подтверждение частного сюжета ещё подбираются; обзор не заменяет предметную атрибуцию.",https://ethnomuseum.ru/exposition/permanent/russians/,R,Жизнь у воды,У,Редакционное размещение; не историческая дата возникновения.,"Подобрать указанные в механике предметы или записи, проверить локальную атрибуцию и права, подготовить подписанные иллюстрации. Механика — авторский замысел, ещё не реализована.",Общий обзор; нужен предмет,True,False
14.07,Якорный камень: тяжесть удерживает лодку,Что может служить якорем без сложной металлической формы?,"Рассмотреть выбранное грузило, показать крепление и проследить условную связь лодки с дном.","Тема-кандидат в рамках экспозиции РЭМ о русских. Конкретный предмет, местность, дата и подтверждение частного сюжета ещё подбираются; обзор не заменяет предметную атрибуцию.",https://ethnomuseum.ru/exposition/permanent/russians/,R,Рыбацкий быт,У,Редакционное размещение; не историческая дата возникновения.,"Подобрать указанные в механике предметы или записи, проверить локальную атрибуцию и права, подготовить подписанные иллюстрации. Механика — авторский замысел, ещё не реализована.",Общий обзор; нужен предмет,True,False
15.07,Ольга Семёнова: коллекция начинается со встречи,Как вещь из села становится музейным свидетельством?,"Соединить место, собирательницу и описание коллекции; собрать паспорт одной подтверждённой записи.",Документированная собирательская работа О. П. Семёновой; рязанские коллекции. Номер выбранной вещи уточняется перед страницей.,https://ethnomuseum.ru/collections/collectors/semenova-olga-petrovna/,collect,Люди музея,У,Редакционное размещение; не историческая дата возникновения.,"Подобрать указанные в механике предметы или записи, проверить локальную атрибуцию и права, подготовить подписанные иллюстрации. Механика — авторский замысел, ещё не реализована.",Запись/альбом/описание; проверить локальность и пригодность,False,False
16.07,"Полевой блокнот: записать то, что легко забыть",Почему название вещи без места и имени почти бесполезно?,"Заполнить карточку по выбранному документу: кто, где, когда и что сообщил; увидеть, каких сведений не хватает.",Этнокалендарь РЭМ; локальные варианты обычая требуют отдельного выбора.,https://ethnomuseum.ru/collections/ethnocalendar/july/den-etnografa/,den-etnografa,Память и исследование,У,Редакционное размещение; не историческая дата возникновения.,"Подобрать указанные в механике предметы или записи, проверить локальную атрибуцию и права, подготовить подписанные иллюстрации. Механика — авторский замысел, ещё не реализована.",Запись/альбом/описание; проверить локальность и пригодность,False,False
17.07,Рыбацкая игла: сеть требует починки,"Как восстановить одну ячейку, не переделывая всё полотно?",На увеличенной условной схеме провести нить через повреждённое место; сравнить восстановленную ячейку с соседними.,"Тема-кандидат в рамках экспозиции РЭМ о русских. Конкретный предмет, местность, дата и подтверждение частного сюжета ещё подбираются; обзор не заменяет предметную атрибуцию.",https://ethnomuseum.ru/exposition/permanent/russians/,R,Ремонт и забота,У,Редакционное размещение; не историческая дата возникновения.,"Подобрать указанные в механике предметы или записи, проверить локальную атрибуцию и права, подготовить подписанные иллюстрации. Механика — авторский замысел, ещё не реализована.",Общий обзор; нужен предмет,True,False
18.07,Садок: улов остаётся в воде,Как переносная ёмкость связана со средой рыбака?,Сопоставить форму выбранного садка с его размещением у лодки; открыть музейное объяснение назначения.,"Тема-кандидат в рамках экспозиции РЭМ о русских. Конкретный предмет, местность, дата и подтверждение частного сюжета ещё подбираются; обзор не заменяет предметную атрибуцию.",https://ethnomuseum.ru/exposition/permanent/russians/,R,Рыболовство,У,Редакционное размещение; не историческая дата возникновения.,"Подобрать указанные в механике предметы или записи, проверить локальную атрибуцию и права, подготовить подписанные иллюстрации. Механика — авторский замысел, ещё не реализована.",Общий обзор; нужен предмет,True,False
19.07,Дымарь: инструмент пасечника в работе,Почему у человека рядом с ульем появляется дым?,На подписанной демонстрации найти инструмент и этап его применения; показать культурную практику без инструкции по работе с пчёлами.,"Тема-кандидат в рамках экспозиции РЭМ о русских. Конкретный предмет, местность, дата и подтверждение частного сюжета ещё подбираются; обзор не заменяет предметную атрибуцию.",https://ethnomuseum.ru/exposition/permanent/russians/,R,Пчеловодство,У,Редакционное размещение; не историческая дата возникновения.,"Подобрать указанные в механике предметы или записи, проверить локальную атрибуцию и права, подготовить подписанные иллюстрации. Механика — авторский замысел, ещё не реализована.",Общий обзор; нужен предмет,True,False
20.07,Улей-колода: жильё пчёл в стволе,Как природная форма превращается в хозяйственную вещь?,Повернуть модель выбранной колоды; найти леток и место доступа по музейному описанию.,"Тема-кандидат в рамках экспозиции РЭМ о русских. Конкретный предмет, местность, дата и подтверждение частного сюжета ещё подбираются; обзор не заменяет предметную атрибуцию.",https://ethnomuseum.ru/exposition/permanent/russians/,R,Пчеловодство,У,Редакционное размещение; не историческая дата возникновения.,"Подобрать указанные в механике предметы или записи, проверить локальную атрибуцию и права, подготовить подписанные иллюстрации. Механика — авторский замысел, ещё не реализована.",Общий обзор; нужен предмет,True,False
21.07,"Рамочный улей: деталь, которую можно вынуть","Что меняется, когда часть улья становится съёмной?",Сопоставить схемы двух документированных типов ульев; вынуть условную рамку и увидеть различие устройства.,"Тема-кандидат в рамках экспозиции РЭМ о русских. Конкретный предмет, местность, дата и подтверждение частного сюжета ещё подбираются; обзор не заменяет предметную атрибуцию.",https://ethnomuseum.ru/exposition/permanent/russians/,R,Изменения быта,У,Редакционное размещение; не историческая дата возникновения.,"Подобрать указанные в механике предметы или записи, проверить локальную атрибуцию и права, подготовить подписанные иллюстрации. Механика — авторский замысел, ещё не реализована.",Общий обзор; нужен предмет,True,False
22.07,Лыковая верёвка: прочность из тонких волокон,Как несколько слабых полос становятся одним креплением?,Скрутить условные пряди на схеме и сравнить направление витков; привязать показ к выбранной ремесленной записи.,"Тема-кандидат в рамках экспозиции РЭМ о русских. Конкретный предмет, местность, дата и подтверждение частного сюжета ещё подбираются; обзор не заменяет предметную атрибуцию.",https://ethnomuseum.ru/exposition/permanent/russians/,R,Материалы,У,Редакционное размещение; не историческая дата возникновения.,"Подобрать указанные в механике предметы или записи, проверить локальную атрибуцию и права, подготовить подписанные иллюстрации. Механика — авторский замысел, ещё не реализована.",Общий обзор; нужен предмет,True,False
23.07,Рогожа: грубое полотно тоже требует умения,"Где нужна ткань, которую не наденешь на праздник?",Найти документированные хозяйственные применения рогожи; сопоставить крупное переплетение с назначением.,"Тема-кандидат в рамках экспозиции РЭМ о русских. Конкретный предмет, местность, дата и подтверждение частного сюжета ещё подбираются; обзор не заменяет предметную атрибуцию.",https://ethnomuseum.ru/exposition/permanent/russians/,R,Хозяйственные материалы,У,Редакционное размещение; не историческая дата возникновения.,"Подобрать указанные в механике предметы или записи, проверить локальную атрибуцию и права, подготовить подписанные иллюстрации. Механика — авторский замысел, ещё не реализована.",Общий обзор; нужен предмет,True,False
24.07,Хохломская ложка: золотой цвет без золотой заготовки,Почему деревянная вещь выглядит металлической?,Переключать слои технологической схемы по описанию промысла; сравнить заготовку и готовую поверхность.,Тематический материал о росписи; музейный экземпляр и мастер подбираются отдельно.,https://www.culture.ru/materials/139105/zagadki-uzorov-russkikh-rospisei,paint,Роспись,У,Редакционное размещение; не историческая дата возникновения.,"Подобрать указанные в механике предметы или записи, проверить локальную атрибуцию и права, подготовить подписанные иллюстрации. Механика — авторский замысел, ещё не реализована.",Запись/альбом/описание; проверить локальность и пригодность,False,False
25.07,"Гжельский мазок: один цвет, много оттенков",Как кисть получает свет и тень без смены краски?,Провести условной кистью с разным нажимом; сравнить результат с увеличенным мазком мастера.,Тематический материал о росписи; музейный экземпляр и мастер подбираются отдельно.,https://www.culture.ru/materials/139105/zagadki-uzorov-russkikh-rospisei,paint,Керамика,У,Редакционное размещение; не историческая дата возникновения.,"Подобрать указанные в механике предметы или записи, проверить локальную атрибуцию и права, подготовить подписанные иллюстрации. Механика — авторский замысел, ещё не реализована.",Запись/альбом/описание; проверить локальность и пригодность,False,False
26.07,Дымковская барышня: круги превращаются в наряд,Почему узор легко узнать издалека?,Составить ритм крупных пятен на условной фигуре; сравнить его с выбранной подписанной игрушкой.,"Кандидат по названному промыслу. Обзор Культура.РФ — исходный ориентир; конкретная вещь, автор, дата и частные технологические сведения требуют предметной проверки.",https://www.culture.ru/s/narodnye-promysly-rossii/,craft,Игрушечное ремесло,У,Редакционное размещение; не историческая дата возникновения.,"Подобрать указанные в механике предметы или записи, проверить локальную атрибуцию и права, подготовить подписанные иллюстрации. Механика — авторский замысел, ещё не реализована.",Общий обзор; нужен предмет,True,False
27.07,Каргопольский Полкан: необычный герой из глины,Кто этот персонаж между человеком и конём?,"Повернуть изображение выбранной игрушки; выделить части фигуры и открыть атрибуцию, не сочиняя древнего значения.","Кандидат по названному промыслу. Обзор Культура.РФ — исходный ориентир; конкретная вещь, автор, дата и частные технологические сведения требуют предметной проверки.",https://www.culture.ru/s/narodnye-promysly-rossii/,craft,Игрушка и образ,У,Редакционное размещение; не историческая дата возникновения.,"Подобрать указанные в механике предметы или записи, проверить локальную атрибуцию и права, подготовить подписанные иллюстрации. Механика — авторский замысел, ещё не реализована.",Общий обзор; нужен предмет,True,False
28.07,Полхов-Майдан: цветок на округлой поверхности,Почему плоский рисунок иначе смотрится на объёме?,Обернуть условный цветочный узор вокруг деревянной формы; сопоставить результат с работой выбранного мастера.,"Кандидат по названному промыслу. Обзор Культура.РФ — исходный ориентир; конкретная вещь, автор, дата и частные технологические сведения требуют предметной проверки.",https://www.culture.ru/s/narodnye-promysly-rossii/,craft,Роспись,У,Редакционное размещение; не историческая дата возникновения.,"Подобрать указанные в механике предметы или записи, проверить локальную атрибуцию и права, подготовить подписанные иллюстрации. Механика — авторский замысел, ещё не реализована.",Общий обзор; нужен предмет,True,False
29.07,Семёновская матрёшка: размер подчиняет всю семью,"Как сделать так, чтобы каждая фигура вошла в следующую?",Упорядочить условные половинки по размеру; увидеть роль толщины стенки и затем рассмотреть реальный набор.,"Кандидат по названному промыслу. Обзор Культура.РФ — исходный ориентир; конкретная вещь, автор, дата и частные технологические сведения требуют предметной проверки.",https://www.culture.ru/s/narodnye-promysly-rossii/,craft,Деревянная игрушка,У,Редакционное размещение; не историческая дата возникновения.,"Подобрать указанные в механике предметы или записи, проверить локальную атрибуцию и права, подготовить подписанные иллюстрации. Механика — авторский замысел, ещё не реализована.",Общий обзор; нужен предмет,True,False
30.07,Берестяной шаркунок: звук спрятан внутри,"Что гремит в игрушке, у которой ничего не видно?",Сопоставить звук с условным разрезом; открыть материал наполнителя только по карточке выбранного образца.,"Тема-кандидат в рамках экспозиции РЭМ о русских. Конкретный предмет, местность, дата и подтверждение частного сюжета ещё подбираются; обзор не заменяет предметную атрибуцию.",https://ethnomuseum.ru/exposition/permanent/russians/,R,Детство и звук,У,Редакционное размещение; не историческая дата возникновения.,"Подобрать указанные в механике предметы или записи, проверить локальную атрибуцию и права, подготовить подписанные иллюстрации. Механика — авторский замысел, ещё не реализована.",Общий обзор; нужен предмет,True,False
31.07,След ладони мастера: почему вещи немного различаются,Можно ли найти ручную работу по двум похожим предметам?,Сравнить две атрибутированные работы одного промысла; отметить небольшие различия формы и сохранить собственную находку.,"Кандидат по названному промыслу. Обзор Культура.РФ — исходный ориентир; конкретная вещь, автор, дата и частные технологические сведения требуют предметной проверки.",https://www.culture.ru/s/narodnye-promysly-rossii/,craft,Живое мастерство,У,Редакционное размещение; не историческая дата возникновения.,"Подобрать указанные в механике предметы или записи, проверить локальную атрибуцию и права, подготовить подписанные иллюстрации. Механика — авторский замысел, ещё не реализована.",Общий обзор; нужен предмет,True,False
01.08,Серп: жатва начинается с одной горсти стеблей,Почему изогнутое лезвие удобно для выбранного движения?,Проследить на музейной записи движение жницы; на условной схеме выделить рабочую часть серпа.,"Тема-кандидат в рамках экспозиции РЭМ о русских. Конкретный предмет, местность, дата и подтверждение частного сюжета ещё подбираются; обзор не заменяет предметную атрибуцию.",https://ethnomuseum.ru/exposition/permanent/russians/,R,Жатва,У,Редакционное размещение; не историческая дата возникновения.,"Подобрать указанные в механике предметы или записи, проверить локальную атрибуцию и права, подготовить подписанные иллюстрации. Механика — авторский замысел, ещё не реализована.",Общий обзор; нужен предмет,True,False
02.08,Ильин день: лето в народном рассказе,Как календарный день связывали с переменами погоды?,Сопоставить разные мотивы музейного описания; отделить хозяйственные наблюдения от поверий.,Этнокалендарь РЭМ; локальные варианты обычая требуют отдельного выбора.,https://ethnomuseum.ru/collections/ethnocalendar/august/ilin-den/,ilin-den,Народный календарь,К,Ежегодная дата по современному гражданскому календарю.,"Подобрать указанные в механике предметы или записи, проверить локальную атрибуцию и права, подготовить подписанные иллюстрации. Механика — авторский замысел, ещё не реализована.",Запись/альбом/описание; проверить локальность и пригодность,False,False
03.08,Сноп: урожай получает переносную форму,Как охапка стеблей превращается в удобный груз?,Собрать условный сноп и выбрать место перевязи по документированной схеме; увидеть устойчивую форму.,"Тема-кандидат в рамках экспозиции РЭМ о русских. Конкретный предмет, местность, дата и подтверждение частного сюжета ещё подбираются; обзор не заменяет предметную атрибуцию.",https://ethnomuseum.ru/exposition/permanent/russians/,R,Жатва,У,Редакционное размещение; не историческая дата возникновения.,"Подобрать указанные в механике предметы или записи, проверить локальную атрибуцию и права, подготовить подписанные иллюстрации. Механика — авторский замысел, ещё не реализована.",Общий обзор; нужен предмет,True,False
04.08,Перевясло: крепление из самого урожая,Можно ли связать стебли без покупной верёвки?,Рассмотреть местный способ перевязки снопа; повторить его на условных полосах и открыть термин.,"Тема-кандидат в рамках экспозиции РЭМ о русских. Конкретный предмет, местность, дата и подтверждение частного сюжета ещё подбираются; обзор не заменяет предметную атрибуцию.",https://ethnomuseum.ru/exposition/permanent/russians/,R,Материалы и труд,У,Редакционное размещение; не историческая дата возникновения.,"Подобрать указанные в механике предметы или записи, проверить локальную атрибуцию и права, подготовить подписанные иллюстрации. Механика — авторский замысел, ещё не реализована.",Общий обзор; нужен предмет,True,False
05.08,Жнивная рубаха: одежда для тяжёлой поры,Чем наряд для работы отличается от праздничного?,Сопоставить выбранную жатвенную рубаху с комплектом той же традиции; найти особенности по музейной подписи.,"Тема-кандидат в рамках экспозиции РЭМ о русских. Конкретный предмет, местность, дата и подтверждение частного сюжета ещё подбираются; обзор не заменяет предметную атрибуцию.",https://ethnomuseum.ru/exposition/permanent/russians/,R,Труд и одежда,У,Редакционное размещение; не историческая дата возникновения.,"Подобрать указанные в механике предметы или записи, проверить локальную атрибуцию и права, подготовить подписанные иллюстрации. Механика — авторский замысел, ещё не реализована.",Общий обзор; нужен предмет,True,False
06.08,Дети в поле: семейный труд имеет много ролей,"Кто присматривает за младшими, пока взрослые жнут?",На документированном описании полевого дня восстановить роли членов семьи; не добавлять вымышленных биографий.,"Тема-кандидат в рамках экспозиции РЭМ о русских. Конкретный предмет, местность, дата и подтверждение частного сюжета ещё подбираются; обзор не заменяет предметную атрибуцию.",https://ethnomuseum.ru/exposition/permanent/russians/,R,Семья и труд,У,Редакционное размещение; не историческая дата возникновения.,"Подобрать указанные в механике предметы или записи, проверить локальную атрибуцию и права, подготовить подписанные иллюстрации. Механика — авторский замысел, ещё не реализована.",Общий обзор; нужен предмет,True,False
07.08,Последние колосья: что оставляют на поле,Почему завершение жатвы не всегда означает пустое поле?,По сцене РЭМ восстановить действия обряда «бородки»; открыть его как историческое поверье конкретного описания.,"Тема-кандидат в рамках экспозиции РЭМ о русских. Конкретный предмет, местность, дата и подтверждение частного сюжета ещё подбираются; обзор не заменяет предметную атрибуцию.",https://ethnomuseum.ru/exposition/permanent/russians/,R,Обряды урожая,У,Редакционное размещение; не историческая дата возникновения.,"Подобрать указанные в механике предметы или записи, проверить локальную атрибуцию и права, подготовить подписанные иллюстрации. Механика — авторский замысел, ещё не реализована.",Общий обзор; нужен предмет,True,False
08.08,Цеп: зерно отделяется ударами,Почему орудие состоит из двух подвижных частей?,Привести в движение условную схему цепа; увидеть назначение соединения и сопоставить с музейной демонстрацией.,"Тема-кандидат в рамках экспозиции РЭМ о русских. Конкретный предмет, местность, дата и подтверждение частного сюжета ещё подбираются; обзор не заменяет предметную атрибуцию.",https://ethnomuseum.ru/exposition/permanent/russians/,R,Обмолот,У,Редакционное размещение; не историческая дата возникновения.,"Подобрать указанные в механике предметы или записи, проверить локальную атрибуцию и права, подготовить подписанные иллюстрации. Механика — авторский замысел, ещё не реализована.",Общий обзор; нужен предмет,True,False
09.08,Ток: рабочая площадка для урожая,Зачем снопы везут в особое место?,Разместить операции обмолота на схеме выбранного хозяйства; проследить путь зерна и соломы.,"Тема-кандидат в рамках экспозиции РЭМ о русских. Конкретный предмет, местность, дата и подтверждение частного сюжета ещё подбираются; обзор не заменяет предметную атрибуцию.",https://ethnomuseum.ru/exposition/permanent/russians/,R,Хозяйство,У,Редакционное размещение; не историческая дата возникновения.,"Подобрать указанные в механике предметы или записи, проверить локальную атрибуцию и права, подготовить подписанные иллюстрации. Механика — авторский замысел, ещё не реализована.",Общий обзор; нужен предмет,True,False
10.08,Овин: снопы готовят к обмолоту,"Что делает отдельная постройка, чего не сделает жилая изба?",Рассмотреть документированную схему овина; связать зоны сушки и размещения снопов без инструкций по топке.,"Тема-кандидат в рамках экспозиции РЭМ о русских. Конкретный предмет, местность, дата и подтверждение частного сюжета ещё подбираются; обзор не заменяет предметную атрибуцию.",https://ethnomuseum.ru/exposition/permanent/russians/,R,Хозяйственные постройки,У,Редакционное размещение; не историческая дата возникновения.,"Подобрать указанные в механике предметы или записи, проверить локальную атрибуцию и права, подготовить подписанные иллюстрации. Механика — авторский замысел, ещё не реализована.",Общий обзор; нужен предмет,True,False
11.08,Веялка: воздух помогает разделить урожай,Как движение воздуха отделяет лёгкое от тяжёлого?,Запустить условный поток над смесью зерна и мякины; сравнить траектории и открыть историческое приспособление.,"Тема-кандидат в рамках экспозиции РЭМ о русских. Конкретный предмет, местность, дата и подтверждение частного сюжета ещё подбираются; обзор не заменяет предметную атрибуцию.",https://ethnomuseum.ru/exposition/permanent/russians/,R,Обработка урожая,У,Редакционное размещение; не историческая дата возникновения.,"Подобрать указанные в механике предметы или записи, проверить локальную атрибуцию и права, подготовить подписанные иллюстрации. Механика — авторский замысел, ещё не реализована.",Общий обзор; нужен предмет,True,False
12.08,Сусек: запасу нужно своё место,Почему зерно нельзя просто высыпать где угодно?,На схеме выбранного амбара найти отдельные закрома; распределить культуры и объяснить роль разделения.,"Тема-кандидат в рамках экспозиции РЭМ о русских. Конкретный предмет, местность, дата и подтверждение частного сюжета ещё подбираются; обзор не заменяет предметную атрибуцию.",https://ethnomuseum.ru/exposition/permanent/russians/,R,Запасы,У,Редакционное размещение; не историческая дата возникновения.,"Подобрать указанные в механике предметы или записи, проверить локальную атрибуцию и права, подготовить подписанные иллюстрации. Механика — авторский замысел, ещё не реализована.",Общий обзор; нужен предмет,True,False
13.08,Медовый сот: природный порядок в хозяйстве,Что рассказывает увеличенная ячейка о собранном продукте?,Под лупой рассмотреть подписанный сот и пасечную принадлежность; связать их с музейным рассказом о пчеловодстве.,"Тема-кандидат в рамках экспозиции РЭМ о русских. Конкретный предмет, местность, дата и подтверждение частного сюжета ещё подбираются; обзор не заменяет предметную атрибуцию.",https://ethnomuseum.ru/exposition/permanent/russians/,R,Пчеловодство,У,Редакционное размещение; не историческая дата возникновения.,"Подобрать указанные в механике предметы или записи, проверить локальную атрибуцию и права, подготовить подписанные иллюстрации. Механика — авторский замысел, ещё не реализована.",Общий обзор; нужен предмет,True,False
14.08,Медовый Спас: продукт становится праздничным даром,Как хозяйственный запас входит в календарный обычай?,Сопоставить пасечную работу и описание праздника; выделить подтверждённые обрядовые действия.,Этнокалендарь РЭМ; локальные варианты обычая требуют отдельного выбора.,https://ethnomuseum.ru/collections/ethnocalendar/august/pervyj-spas-medovyj/,pervyj-spas-medovyj,Народный календарь,К,Ежегодная дата по современному гражданскому календарю.,"Подобрать указанные в механике предметы или записи, проверить локальную атрибуцию и права, подготовить подписанные иллюстрации. Механика — авторский замысел, ещё не реализована.",Запись/альбом/описание; проверить локальность и пригодность,False,False
15.08,Воск: второй дар пасеки,Что остаётся ценным после извлечения мёда?,Соединить образец воска с документированными бытовыми применениями; показать путь к одной выбранной вещи.,"Тема-кандидат в рамках экспозиции РЭМ о русских. Конкретный предмет, местность, дата и подтверждение частного сюжета ещё подбираются; обзор не заменяет предметную атрибуцию.",https://ethnomuseum.ru/exposition/permanent/russians/,R,Материал и быт,У,Редакционное размещение; не историческая дата возникновения.,"Подобрать указанные в механике предметы или записи, проверить локальную атрибуцию и права, подготовить подписанные иллюстрации. Механика — авторский замысел, ещё не реализована.",Общий обзор; нужен предмет,True,False
16.08,Мочёные яблоки: урожай меняет вкус во времени,Как плод становится зимним запасом?,На историческом описании разложить этапы заготовки; показать культурный способ хранения без современных пищевых рекомендаций.,История повседневного питания; региональный рецепт и посуда подбираются отдельно.,https://www.culture.ru/s/vopros/chto-eli-do-kartoshki/,food,Заготовки,У,Редакционное размещение; не историческая дата возникновения.,"Подобрать указанные в механике предметы или записи, проверить локальную атрибуцию и права, подготовить подписанные иллюстрации. Механика — авторский замысел, ещё не реализована.",Запись/альбом/описание; проверить локальность и пригодность,False,False
17.08,Сушёные грибы: лесной урожай становится лёгким,Почему после сушки меняются размер и способ хранения?,"Сопоставить изображения до и после, подобрать историческую тару по источнику; открыть место грибов в питании.",История повседневного питания; региональный рецепт и посуда подбираются отдельно.,https://www.culture.ru/s/vopros/chto-eli-do-kartoshki/,food,Лес и кухня,У,Редакционное размещение; не историческая дата возникновения.,"Подобрать указанные в механике предметы или записи, проверить локальную атрибуцию и права, подготовить подписанные иллюстрации. Механика — авторский замысел, ещё не реализована.",Запись/альбом/описание; проверить локальность и пригодность,False,False
18.08,Ягодное лукошко: бережно донести хрупкий сбор,Почему для ягод важны форма и глубина корзины?,Сравнить два выбранных образца тары; на условной схеме показать размещение хрупкого груза.,"Тема-кандидат в рамках экспозиции РЭМ о русских. Конкретный предмет, местность, дата и подтверждение частного сюжета ещё подбираются; обзор не заменяет предметную атрибуцию.",https://ethnomuseum.ru/exposition/permanent/russians/,R,Собирательство,У,Редакционное размещение; не историческая дата возникновения.,"Подобрать указанные в механике предметы или записи, проверить локальную атрибуцию и права, подготовить подписанные иллюстрации. Механика — авторский замысел, ещё не реализована.",Общий обзор; нужен предмет,True,False
19.08,Яблочный Спас: первые плоды в праздничной истории,"Что связывает яблоко, семейный стол и церковный календарь?",Развернуть музейное описание на три связанных сюжета; выбрать один местный обычай для подробного показа.,Этнокалендарь РЭМ; локальные варианты обычая требуют отдельного выбора.,https://ethnomuseum.ru/collections/ethnocalendar/august/preobrazhenie-vtoroj-yablochnyj-spas/,preobrazhenie-vtoroj-yablochnyj-spas,Народный календарь,К,Ежегодная дата по современному гражданскому календарю.,"Подобрать указанные в механике предметы или записи, проверить локальную атрибуцию и права, подготовить подписанные иллюстрации. Механика — авторский замысел, ещё не реализована.",Запись/альбом/описание; проверить локальность и пригодность,False,False
20.08,Кисель: старое блюдо и знакомое новое слово,Всегда ли кисель был сладким напитком?,Сопоставить два документированных описания разных эпох; отметить исходный продукт и консистенцию.,История повседневного питания; региональный рецепт и посуда подбираются отдельно.,https://www.culture.ru/s/vopros/chto-eli-do-kartoshki/,food,История питания,У,Редакционное размещение; не историческая дата возникновения.,"Подобрать указанные в механике предметы или записи, проверить локальную атрибуцию и права, подготовить подписанные иллюстрации. Механика — авторский замысел, ещё не реализована.",Запись/альбом/описание; проверить локальность и пригодность,False,False
21.08,"Толокно: зерно, прошедшее долгую подготовку",Чем готовая мука отличается от просто размолотого зерна?,"Собрать технологическую цепочку по выбранному историческому описанию; показать, на каком этапе меняется продукт.",История повседневного питания; региональный рецепт и посуда подбираются отдельно.,https://www.culture.ru/s/vopros/chto-eli-do-kartoshki/,food,История питания,У,Редакционное размещение; не историческая дата возникновения.,"Подобрать указанные в механике предметы или записи, проверить локальную атрибуцию и права, подготовить подписанные иллюстрации. Механика — авторский замысел, ещё не реализована.",Запись/альбом/описание; проверить локальность и пригодность,False,False
22.08,Квасник: сосуд с характерным просветом,"Зачем рассматривать посуду сбоку, а не только спереди?","Повернуть выбранный сосуд, найти ручку, носик и отверстие корпуса; назначение деталей раскрыть по карточке.","Кандидат по названному промыслу. Обзор Культура.РФ — исходный ориентир; конкретная вещь, автор, дата и частные технологические сведения требуют предметной проверки.",https://www.culture.ru/s/narodnye-promysly-rossii/,craft,Посуда,У,Редакционное размещение; не историческая дата возникновения.,"Подобрать указанные в механике предметы или записи, проверить локальную атрибуцию и права, подготовить подписанные иллюстрации. Механика — авторский замысел, ещё не реализована.",Общий обзор; нужен предмет,True,False
23.08,Сбитенник: горячий напиток на улице,Как напиток переносили и разливали покупателям?,На схеме выбранного медного сосуда проследить путь жидкости; сопоставить вещь с описанием торговли.,"Тема-кандидат в рамках экспозиции РЭМ о русских. Конкретный предмет, местность, дата и подтверждение частного сюжета ещё подбираются; обзор не заменяет предметную атрибуцию.",https://ethnomuseum.ru/exposition/permanent/russians/,R,Городская еда,У,Редакционное размещение; не историческая дата возникновения.,"Подобрать указанные в механике предметы или записи, проверить локальную атрибуцию и права, подготовить подписанные иллюстрации. Механика — авторский замысел, ещё не реализована.",Общий обзор; нужен предмет,True,False
24.08,Постный и скоромный стол: календарь меняет набор продуктов,Почему у одной семьи бывают разные правила трапезы?,Собрать два меню из документированных примеров; открыть историческое основание различий.,История повседневного питания; региональный рецепт и посуда подбираются отдельно.,https://www.culture.ru/s/vopros/chto-eli-do-kartoshki/,food,Питание и календарь,У,Редакционное размещение; не историческая дата возникновения.,"Подобрать указанные в механике предметы или записи, проверить локальную атрибуцию и права, подготовить подписанные иллюстрации. Механика — авторский замысел, ещё не реализована.",Запись/альбом/описание; проверить локальность и пригодность,False,False
25.08,Хлебная лопата: длинная рукоять для глубокой печи,"Как положить заготовку туда, куда рукой не достать?",На условном разрезе печи провести лопату к поду; сопоставить длину и форму с музейной вещью.,"Тема-кандидат в рамках экспозиции РЭМ о русских. Конкретный предмет, местность, дата и подтверждение частного сюжета ещё подбираются; обзор не заменяет предметную атрибуцию.",https://ethnomuseum.ru/exposition/permanent/russians/,R,Домашний хлеб,У,Редакционное размещение; не историческая дата возникновения.,"Подобрать указанные в механике предметы или записи, проверить локальную атрибуцию и права, подготовить подписанные иллюстрации. Механика — авторский замысел, ещё не реализована.",Общий обзор; нужен предмет,True,False
26.08,Посевное зерно: часть урожая нельзя съесть,Почему богатый запас всё равно делят?,В условном хозяйственном примере отделить посевной фонд от еды и обмена; увидеть смысл распределения без вымышленных норм.,"Тема-кандидат в рамках экспозиции РЭМ о русских. Конкретный предмет, местность, дата и подтверждение частного сюжета ещё подбираются; обзор не заменяет предметную атрибуцию.",https://ethnomuseum.ru/exposition/permanent/russians/,R,Хозяйственное решение,У,Редакционное размещение; не историческая дата возникновения.,"Подобрать указанные в механике предметы или записи, проверить локальную атрибуцию и права, подготовить подписанные иллюстрации. Механика — авторский замысел, ещё не реализована.",Общий обзор; нужен предмет,True,False
27.08,Лён на мочиле: материал меняется до прядения,Почему путь к ткани проходит через воду?,"На документированной схеме расставить стадии подготовки стебля; увидеть, где начинается отделение волокна.","Тема-кандидат в рамках экспозиции РЭМ о русских. Конкретный предмет, местность, дата и подтверждение частного сюжета ещё подбираются; обзор не заменяет предметную атрибуцию.",https://ethnomuseum.ru/exposition/permanent/russians/,R,Обработка льна,У,Редакционное размещение; не историческая дата возникновения.,"Подобрать указанные в механике предметы или записи, проверить локальную атрибуцию и права, подготовить подписанные иллюстрации. Механика — авторский замысел, ещё не реализована.",Общий обзор; нужен предмет,True,False
28.08,Успение: завершение лета в народном календаре,Как праздник соседствует с заботой об урожае?,Сопоставить церковное название и хозяйственные мотивы музейного описания; выбрать локальную историю.,Этнокалендарь РЭМ; локальные варианты обычая требуют отдельного выбора.,https://ethnomuseum.ru/collections/ethnocalendar/august/uspenie-bogorodicy/,uspenie-bogorodicy,Народный календарь,К,Ежегодная дата по современному гражданскому календарю.,"Подобрать указанные в механике предметы или записи, проверить локальную атрибуцию и права, подготовить подписанные иллюстрации. Механика — авторский замысел, ещё не реализована.",Запись/альбом/описание; проверить локальность и пригодность,False,False
29.08,"Ореховый, Хлебный, Холщовый: три имени одного Спаса",Почему один день называется разными дарами?,Связать три названия с продуктом или материалом; открыть объяснение и различия местных обычаев.,Этнокалендарь РЭМ; локальные варианты обычая требуют отдельного выбора.,https://ethnomuseum.ru/collections/ethnocalendar/august/tretij-spas-holwovyj-orehovyj/,tretij-spas-holwovyj-orehovyj,Народный календарь,К,Ежегодная дата по современному гражданскому календарю.,"Подобрать указанные в механике предметы или записи, проверить локальную атрибуцию и права, подготовить подписанные иллюстрации. Механика — авторский замысел, ещё не реализована.",Запись/альбом/описание; проверить локальность и пригодность,False,False
30.08,Соломенная подстилка: у урожая нет одной полезной части,Куда уходит стебель после обмолота?,"По описанию хозяйства распределить зерно, мякину и солому между применениями; собрать карту бережного использования.","Тема-кандидат в рамках экспозиции РЭМ о русских. Конкретный предмет, местность, дата и подтверждение частного сюжета ещё подбираются; обзор не заменяет предметную атрибуцию.",https://ethnomuseum.ru/exposition/permanent/russians/,R,Хозяйство,У,Редакционное размещение; не историческая дата возникновения.,"Подобрать указанные в механике предметы или записи, проверить локальную атрибуцию и права, подготовить подписанные иллюстрации. Механика — авторский замысел, ещё не реализована.",Общий обзор; нужен предмет,True,False
31.08,Флор и Лавр: день заботы о лошади,Почему рабочему животному посвящали особый день?,Связать музейное описание праздника с конским снаряжением; показать выбранный обычай без переноса обрядов других народов.,Этнокалендарь РЭМ; локальные варианты обычая требуют отдельного выбора.,https://ethnomuseum.ru/collections/ethnocalendar/august/den-pamyati-svyatyh-flora-i-lavra/,den-pamyati-svyatyh-flora-i-lavra,Народный календарь,К,Ежегодная дата по современному гражданскому календарю.,"Подобрать указанные в механике предметы или записи, проверить локальную атрибуцию и права, подготовить подписанные иллюстрации. Механика — авторский замысел, ещё не реализована.",Запись/альбом/описание; проверить локальность и пригодность,False,False
01.09,Первый школьный ранец: учёба становится дорогой,Что ребёнок несёт из дома в школу?,Собрать набор по выбранной школьной фотографии; раскрыть назначение каждой подписанной вещи.,"Тема-кандидат в рамках экспозиции РЭМ о русских. Конкретный предмет, местность, дата и подтверждение частного сюжета ещё подбираются; обзор не заменяет предметную атрибуцию.",https://ethnomuseum.ru/exposition/permanent/russians/,R,Детство и учение,У,Редакционное размещение; не историческая дата возникновения.,"Подобрать указанные в механике предметы или записи, проверить локальную атрибуцию и права, подготовить подписанные иллюстрации. Механика — авторский замысел, ещё не реализована.",Общий обзор; нужен предмет,True,False
02.09,Перьевая ручка: строка зависит от движения,Почему старая тетрадь хранит след нажима?,Провести условный штрих с разным нажимом; сравнить его с выбранной ученической работой.,"Тема-кандидат в рамках экспозиции РЭМ о русских. Конкретный предмет, местность, дата и подтверждение частного сюжета ещё подбираются; обзор не заменяет предметную атрибуцию.",https://ethnomuseum.ru/exposition/permanent/russians/,R,Грамотность,У,Редакционное размещение; не историческая дата возникновения.,"Подобрать указанные в механике предметы или записи, проверить локальную атрибуцию и права, подготовить подписанные иллюстрации. Механика — авторский замысел, ещё не реализована.",Общий обзор; нужен предмет,True,False
03.09,Пропись: много одинаковых букв ради собственного почерка,Как повтор помогает обрести навык?,Сопоставить учебный образец и страницу ученика; найти удачные соединения и заметные исправления.,"Тема-кандидат в рамках экспозиции РЭМ о русских. Конкретный предмет, местность, дата и подтверждение частного сюжета ещё подбираются; обзор не заменяет предметную атрибуцию.",https://ethnomuseum.ru/exposition/permanent/russians/,R,Учение,У,Редакционное размещение; не историческая дата возникновения.,"Подобрать указанные в механике предметы или записи, проверить локальную атрибуцию и права, подготовить подписанные иллюстрации. Механика — авторский замысел, ещё не реализована.",Общий обзор; нужен предмет,True,False
04.09,Промокательная бумага: помощница мокрой строки,"Как сохранить написанное, не размазав его?",На схеме письма выбрать момент промокания; открыть бытовую функцию выбранного школьного предмета.,"Тема-кандидат в рамках экспозиции РЭМ о русских. Конкретный предмет, местность, дата и подтверждение частного сюжета ещё подбираются; обзор не заменяет предметную атрибуцию.",https://ethnomuseum.ru/exposition/permanent/russians/,R,Учение,У,Редакционное размещение; не историческая дата возникновения.,"Подобрать указанные в механике предметы или записи, проверить локальную атрибуцию и права, подготовить подписанные иллюстрации. Механика — авторский замысел, ещё не реализована.",Общий обзор; нужен предмет,True,False
05.09,Счёты: число видно по положению косточек,Как посчитать покупку без записи столбиком?,Выполнить одну операцию на условных счётах; открыть соответствие разрядов цифрам.,"Тема-кандидат в рамках экспозиции РЭМ о русских. Конкретный предмет, местность, дата и подтверждение частного сюжета ещё подбираются; обзор не заменяет предметную атрибуцию.",https://ethnomuseum.ru/exposition/permanent/russians/,R,Торговля и счёт,У,Редакционное размещение; не историческая дата возникновения.,"Подобрать указанные в механике предметы или записи, проверить локальную атрибуцию и права, подготовить подписанные иллюстрации. Механика — авторский замысел, ещё не реализована.",Общий обзор; нужен предмет,True,False
06.09,Гиря с клеймом: доверие к маленькому грузу,Почему покупателю важно смотреть на гирю?,Найти отметки на выбранном образце; отделить прочитанные знаки от неустановленных.,"Тема-кандидат в рамках экспозиции РЭМ о русских. Конкретный предмет, местность, дата и подтверждение частного сюжета ещё подбираются; обзор не заменяет предметную атрибуцию.",https://ethnomuseum.ru/exposition/permanent/russians/,R,Торговля,У,Редакционное размещение; не историческая дата возникновения.,"Подобрать указанные в механике предметы или записи, проверить локальную атрибуцию и права, подготовить подписанные иллюстрации. Механика — авторский замысел, ещё не реализована.",Общий обзор; нужен предмет,True,False
07.09,Безмен: вес на одной подвеске,Как одно противовесное устройство заменяет две чаши?,Переместить условный груз до равновесия; сопоставить принцип с музейным безменом.,"Тема-кандидат в рамках экспозиции РЭМ о русских. Конкретный предмет, местность, дата и подтверждение частного сюжета ещё подбираются; обзор не заменяет предметную атрибуцию.",https://ethnomuseum.ru/exposition/permanent/russians/,R,Торговля,У,Редакционное размещение; не историческая дата возникновения.,"Подобрать указанные в механике предметы или записи, проверить локальную атрибуцию и права, подготовить подписанные иллюстрации. Механика — авторский замысел, ещё не реализована.",Общий обзор; нужен предмет,True,False
08.09,Аршин: ткань продают длиной,Почему мерка должна быть понятна обеим сторонам?,Отмерить условный отрез по выбранной исторической мерке; сопоставить её с современной линейкой после проверки величины.,"Тема-кандидат в рамках экспозиции РЭМ о русских. Конкретный предмет, местность, дата и подтверждение частного сюжета ещё подбираются; обзор не заменяет предметную атрибуцию.",https://ethnomuseum.ru/exposition/permanent/russians/,R,Торговля,У,Редакционное размещение; не историческая дата возникновения.,"Подобрать указанные в механике предметы или записи, проверить локальную атрибуцию и права, подготовить подписанные иллюстрации. Механика — авторский замысел, ещё не реализована.",Общий обзор; нужен предмет,True,False
09.09,Ярмарочный ряд: покупки складываются в маршрут,Как найти нужное среди множества торговцев?,По плану выбранной ярмарки составить путь за тремя товарами; открыть специализацию рядов.,"Тема-кандидат в рамках экспозиции РЭМ о русских. Конкретный предмет, местность, дата и подтверждение частного сюжета ещё подбираются; обзор не заменяет предметную атрибуцию.",https://ethnomuseum.ru/exposition/permanent/russians/,R,Торговля,У,Редакционное размещение; не историческая дата возникновения.,"Подобрать указанные в механике предметы или записи, проверить локальную атрибуцию и права, подготовить подписанные иллюстрации. Механика — авторский замысел, ещё не реализована.",Общий обзор; нужен предмет,True,False
10.09,Товарная этикетка: упаковка обещает качество,Какие слова убеждали покупателя сто лет назад?,"Рассмотреть подлинную этикетку; выделить производителя, место и рекламное обещание.","Тема-кандидат в рамках экспозиции РЭМ о русских. Конкретный предмет, местность, дата и подтверждение частного сюжета ещё подбираются; обзор не заменяет предметную атрибуцию.",https://ethnomuseum.ru/exposition/permanent/russians/,R,Городская культура,У,Редакционное размещение; не историческая дата возникновения.,"Подобрать указанные в механике предметы или записи, проверить локальную атрибуцию и права, подготовить подписанные иллюстрации. Механика — авторский замысел, ещё не реализована.",Общий обзор; нужен предмет,True,False
11.09,Жестяная коробка: покупка получает вторую жизнь,Почему красивую упаковку не спешат выбрасывать?,Сопоставить товарную функцию коробки и документированное домашнее применение; сохранить две подписи к одной вещи.,"Тема-кандидат в рамках экспозиции РЭМ о русских. Конкретный предмет, местность, дата и подтверждение частного сюжета ещё подбираются; обзор не заменяет предметную атрибуцию.",https://ethnomuseum.ru/exposition/permanent/russians/,R,Домашняя бережливость,У,Редакционное размещение; не историческая дата возникновения.,"Подобрать указанные в механике предметы или записи, проверить локальную атрибуцию и права, подготовить подписанные иллюстрации. Механика — авторский замысел, ещё не реализована.",Общий обзор; нужен предмет,True,False
12.09,Копилка: маленькие деньги превращаются в план,Как вещь помогает откладывать понемногу?,На условном примере собрать сумму по частям; затем рассмотреть форму выбранной исторической копилки.,"Тема-кандидат в рамках экспозиции РЭМ о русских. Конкретный предмет, местность, дата и подтверждение частного сюжета ещё подбираются; обзор не заменяет предметную атрибуцию.",https://ethnomuseum.ru/exposition/permanent/russians/,R,Повседневные решения,У,Редакционное размещение; не историческая дата возникновения.,"Подобрать указанные в механике предметы или записи, проверить локальную атрибуцию и права, подготовить подписанные иллюстрации. Механика — авторский замысел, ещё не реализована.",Общий обзор; нужен предмет,True,False
13.09,Домашняя тетрадь расходов: хозяйство становится записью,Что можно узнать о семье по списку покупок?,Разнести реальные записи выбранного документа по расходам; увидеть структуру бюджета без вымышленных сумм.,"Тема-кандидат в рамках экспозиции РЭМ о русских. Конкретный предмет, местность, дата и подтверждение частного сюжета ещё подбираются; обзор не заменяет предметную атрибуцию.",https://ethnomuseum.ru/exposition/permanent/russians/,R,Семейный документ,У,Редакционное размещение; не историческая дата возникновения.,"Подобрать указанные в механике предметы или записи, проверить локальную атрибуцию и права, подготовить подписанные иллюстрации. Механика — авторский замысел, ещё не реализована.",Общий обзор; нужен предмет,True,False
14.09,Семёнов день: осень встречают особым порядком,Почему начало осени могло напоминать новый год?,На ленте сопоставить историческое новолетие и местные осенины; даты старого и нового стиля показать отдельно.,Этнокалендарь РЭМ; локальные варианты обычая требуют отдельного выбора.,https://ethnomuseum.ru/collections/ethnocalendar/september/semenov-den/,semenov-den,Народный календарь,К,Ежегодная дата по современному гражданскому календарю.,"Подобрать указанные в механике предметы или записи, проверить локальную атрибуцию и права, подготовить подписанные иллюстрации. Механика — авторский замысел, ещё не реализована.",Запись/альбом/описание; проверить локальность и пригодность,False,False
15.09,Новая лучина: свет как начало вечерних работ,"Как меняется распорядок, когда темнеет раньше?","Сравнить летний и осенний день по локальному описанию; выбрать занятия, требующие освещения.",Этнокалендарь РЭМ; локальные варианты обычая требуют отдельного выбора.,https://ethnomuseum.ru/collections/ethnocalendar/september/semenov-den/,semenov-den,Сезонный быт,У,Редакционное размещение; не историческая дата возникновения.,"Подобрать указанные в механике предметы или записи, проверить локальную атрибуцию и права, подготовить подписанные иллюстрации. Механика — авторский замысел, ещё не реализована.",Запись/альбом/описание; проверить локальность и пригодность,False,False
16.09,Погреб: прохлада становится частью дома,Почему продукты отправляют вниз?,На документированном разрезе найти место хранения; связать устройство с хозяйственным назначением.,"Тема-кандидат в рамках экспозиции РЭМ о русских. Конкретный предмет, местность, дата и подтверждение частного сюжета ещё подбираются; обзор не заменяет предметную атрибуцию.",https://ethnomuseum.ru/exposition/permanent/russians/,R,Запасы,У,Редакционное размещение; не историческая дата возникновения.,"Подобрать указанные в механике предметы или записи, проверить локальную атрибуцию и права, подготовить подписанные иллюстрации. Механика — авторский замысел, ещё не реализована.",Общий обзор; нужен предмет,True,False
17.09,Кадка для капусты: запас собирают слоями,Зачем большой семье большая ёмкость?,По историческому описанию сопоставить тару и объём совместной работы; показать этапы как музейный рассказ.,История повседневного питания; региональный рецепт и посуда подбираются отдельно.,https://www.culture.ru/s/vopros/chto-eli-do-kartoshki/,food,Заготовки,У,Редакционное размещение; не историческая дата возникновения.,"Подобрать указанные в механике предметы или записи, проверить локальную атрибуцию и права, подготовить подписанные иллюстрации. Механика — авторский замысел, ещё не реализована.",Запись/альбом/описание; проверить локальность и пригодность,False,False
18.09,Сечка: капусту рубят особым орудием,Почему кухонный инструмент похож на маленький полумесяц?,Показать условную траекторию сечки над корытом; сравнить с формой выбранного музейного образца.,"Тема-кандидат в рамках экспозиции РЭМ о русских. Конкретный предмет, местность, дата и подтверждение частного сюжета ещё подбираются; обзор не заменяет предметную атрибуцию.",https://ethnomuseum.ru/exposition/permanent/russians/,R,Домашний труд,У,Редакционное размещение; не историческая дата возникновения.,"Подобрать указанные в механике предметы или записи, проверить локальную атрибуцию и права, подготовить подписанные иллюстрации. Механика — авторский замысел, ещё не реализована.",Общий обзор; нужен предмет,True,False
19.09,Квашня и закваска: живое ожидание хлеба,Почему хлебный день начинается задолго до печи?,Собрать стадии выбранного исторического способа выпечки; отличить время действий от времени ожидания.,История повседневного питания; региональный рецепт и посуда подбираются отдельно.,https://www.culture.ru/s/vopros/chto-eli-do-kartoshki/,food,Питание,У,Редакционное размещение; не историческая дата возникновения.,"Подобрать указанные в механике предметы или записи, проверить локальную атрибуцию и права, подготовить подписанные иллюстрации. Механика — авторский замысел, ещё не реализована.",Запись/альбом/описание; проверить локальность и пригодность,False,False
20.09,Солёные огурцы: летний огород в осеннем запасе,Как сезонная еда остаётся на столе позже?,Сопоставить календарь сбора и хранения в выбранном источнике; раскрыть роль исторической тары.,История повседневного питания; региональный рецепт и посуда подбираются отдельно.,https://www.culture.ru/s/vopros/chto-eli-do-kartoshki/,food,Заготовки,У,Редакционное размещение; не историческая дата возникновения.,"Подобрать указанные в механике предметы или записи, проверить локальную атрибуцию и права, подготовить подписанные иллюстрации. Механика — авторский замысел, ещё не реализована.",Запись/альбом/описание; проверить локальность и пригодность,False,False
21.09,Коромысельные серьги: название подсказывает форму,Что связывает украшение и знакомый хозяйственный образ?,Сравнить силуэт выбранных серёг с названием из карточки; прочие значения не додумывать.,Документированная собирательская работа О. П. Семёновой; рязанские коллекции. Номер выбранной вещи уточняется перед страницей.,https://ethnomuseum.ru/collections/collectors/semenova-olga-petrovna/,collect,Украшения,У,Редакционное размещение; не историческая дата возникновения.,"Подобрать указанные в механике предметы или записи, проверить локальную атрибуцию и права, подготовить подписанные иллюстрации. Механика — авторский замысел, ещё не реализована.",Запись/альбом/описание; проверить локальность и пригодность,False,False
22.09,Накосник и лента: подарок вплетается в причёску,Как небольшая вещь становится личной?,"По документированной истории выбранного украшения соединить дарителя, получательницу и способ ношения.",Документированная собирательская работа О. П. Семёновой; рязанские коллекции. Номер выбранной вещи уточняется перед страницей.,https://ethnomuseum.ru/collections/collectors/semenova-olga-petrovna/,collect,Личный подарок,У,Редакционное размещение; не историческая дата возникновения.,"Подобрать указанные в механике предметы или записи, проверить локальную атрибуцию и права, подготовить подписанные иллюстрации. Механика — авторский замысел, ещё не реализована.",Запись/альбом/описание; проверить локальность и пригодность,False,False
23.09,Сундук невесты: запас труда перед новой жизнью,Что важнее — вместительность или содержимое?,Открыть опись выбранного приданого; распределить вещи по назначению и увидеть объём подготовленного труда.,Каталог локальных свадебных традиций. Берём только указанные русские традиции; обрядовые подробности требуют чтения карточки выбранного села.,https://www.culture.ru/traditions/culture-heritage/mythology/mythology-2/mythology-22/mythology-224,weddings,Семья,У,Редакционное размещение; не историческая дата возникновения.,"Подобрать указанные в механике предметы или записи, проверить локальную атрибуцию и права, подготовить подписанные иллюстрации. Механика — авторский замысел, ещё не реализована.",Запись/альбом/описание; проверить локальность и пригодность,False,False
24.09,Приданое на виду: вещи рассказывают о мастерстве,Как семья показывала подготовку к свадьбе?,Восстановить по локальному описанию порядок показа вещей; выделить предметы ручной работы.,Каталог локальных свадебных традиций. Берём только указанные русские традиции; обрядовые подробности требуют чтения карточки выбранного села.,https://www.culture.ru/traditions/culture-heritage/mythology/mythology-2/mythology-22/mythology-224,weddings,Семейные обычаи,У,Редакционное размещение; не историческая дата возникновения.,"Подобрать указанные в механике предметы или записи, проверить локальную атрибуцию и права, подготовить подписанные иллюстрации. Механика — авторский замысел, ещё не реализована.",Запись/альбом/описание; проверить локальность и пригодность,False,False
25.09,Осенний наём: работа выводит человека из деревни,Как временный заработок меняет домашний календарь?,На документированной биографии провести путь от дома к месту работы; отметить возвращение и принесённые навыки.,"Тема-кандидат в рамках экспозиции РЭМ о русских. Конкретный предмет, местность, дата и подтверждение частного сюжета ещё подбираются; обзор не заменяет предметную атрибуцию.",https://ethnomuseum.ru/exposition/permanent/russians/,R,Труд и перемещения,У,Редакционное размещение; не историческая дата возникновения.,"Подобрать указанные в механике предметы или записи, проверить локальную атрибуцию и права, подготовить подписанные иллюстрации. Механика — авторский замысел, ещё не реализована.",Общий обзор; нужен предмет,True,False
26.09,Фотография в ателье: человек выбирает свой образ,Какие детали портрета были специально подготовлены?,"На подписанном снимке отметить позу, фон и одежду; отделить наблюдение от догадки о характере.","Тема-кандидат в рамках экспозиции РЭМ о русских. Конкретный предмет, местность, дата и подтверждение частного сюжета ещё подбираются; обзор не заменяет предметную атрибуцию.",https://ethnomuseum.ru/exposition/permanent/russians/,R,Город и память,У,Редакционное размещение; не историческая дата возникновения.,"Подобрать указанные в механике предметы или записи, проверить локальную атрибуцию и права, подготовить подписанные иллюстрации. Механика — авторский замысел, ещё не реализована.",Общий обзор; нужен предмет,True,False
27.09,Воздвижение: капустные хлопоты в имени праздника,Почему календарное название приводит на кухню?,Соединить названия «Капустки» и «Капустницы» с музейным описанием; раскрыть выбранный местный обычай.,Этнокалендарь РЭМ; локальные варианты обычая требуют отдельного выбора.,https://ethnomuseum.ru/collections/ethnocalendar/september/vozdvizhenie/,vozdvizhenie,Народный календарь,К,Ежегодная дата по современному гражданскому календарю.,"Подобрать указанные в механике предметы или записи, проверить локальную атрибуцию и права, подготовить подписанные иллюстрации. Механика — авторский замысел, ещё не реализована.",Запись/альбом/описание; проверить локальность и пригодность,False,False
28.09,Семейный фотоальбом: подпись спасает имя,"Что исчезает, когда фотография остаётся без пояснения?",Сравнить снимок с подписью и без неё; заполнить карточку только установленными сведениями.,"Тема-кандидат в рамках экспозиции РЭМ о русских. Конкретный предмет, местность, дата и подтверждение частного сюжета ещё подбираются; обзор не заменяет предметную атрибуцию.",https://ethnomuseum.ru/exposition/permanent/russians/,R,Семейная память,У,Редакционное размещение; не историческая дата возникновения.,"Подобрать указанные в механике предметы или записи, проверить локальную атрибуцию и права, подготовить подписанные иллюстрации. Механика — авторский замысел, ещё не реализована.",Общий обзор; нужен предмет,True,False
29.09,Почтовый конверт: адрес рисует путь,Можно ли восстановить дорогу письма по отметкам?,Прочитать адрес и штемпели выбранного конверта; нанести подтверждённые пункты на карту.,"Тема-кандидат в рамках экспозиции РЭМ о русских. Конкретный предмет, местность, дата и подтверждение частного сюжета ещё подбираются; обзор не заменяет предметную атрибуцию.",https://ethnomuseum.ru/exposition/permanent/russians/,R,Связь и расстояние,У,Редакционное размещение; не историческая дата возникновения.,"Подобрать указанные в механике предметы или записи, проверить локальную атрибуцию и права, подготовить подписанные иллюстрации. Механика — авторский замысел, ещё не реализована.",Общий обзор; нужен предмет,True,False
30.09,Осенний ремонт одежды: вещь получает ещё сезон,Что заплата рассказывает о заботе?,Приблизить след ремонта на выбранном костюме; сопоставить материал заплаты и основной ткани.,Музейный альбом русских локальных костюмных комплексов; конкретный комплект уточняется перед страницей.,https://collection.ethnomuseum.ru/entity/ARTICLE/2311,costume,Бережливость,У,Редакционное размещение; не историческая дата возникновения.,"Подобрать указанные в механике предметы или записи, проверить локальную атрибуцию и права, подготовить подписанные иллюстрации. Механика — авторский замысел, ещё не реализована.",Запись/альбом/описание; проверить локальность и пригодность,False,False
01.10,Сватовство в двух шагах: договориться не сразу,Почему одного визита могло быть недостаточно?,По белгородскому описанию расставить два этапа; открыть участников и предмет разговора каждого.,Русские сёла Чернянского и Новооскольского районов; конкретное село и запись выбираются перед страницей.,https://www.culture.ru/objects/2820/svadebnyi-obryad-russkikh-sel-chernyanskogo-i-novooskolskogo-raionov-belgorodskoi-oblasti,wedding,Свадьба,У,Редакционное размещение; не историческая дата возникновения.,"Подобрать указанные в механике предметы или записи, проверить локальную атрибуцию и права, подготовить подписанные иллюстрации. Механика — авторский замысел, ещё не реализована.",Запись/альбом/описание; проверить локальность и пригодность,False,False
02.10,Смотр дома: брак связывает два хозяйства,Что могли узнавать о будущей семье до свадьбы?,По выбранному локальному описанию составить маршрут знакомства с хозяйством; показывать только подтверждённые действия.,Каталог локальных свадебных традиций. Берём только указанные русские традиции; обрядовые подробности требуют чтения карточки выбранного села.,https://www.culture.ru/traditions/culture-heritage/mythology/mythology-2/mythology-22/mythology-224,weddings,Свадьба,У,Редакционное размещение; не историческая дата возникновения.,"Подобрать указанные в механике предметы или записи, проверить локальную атрибуцию и права, подготовить подписанные иллюстрации. Механика — авторский замысел, ещё не реализована.",Запись/альбом/описание; проверить локальность и пригодность,False,False
03.10,Рукобитье: соглашение становится видимым,"Как люди обозначали, что договорённость состоялась?",Найти жест и участников в конкретном описании; связать его с местом в свадебной последовательности.,Каталог локальных свадебных традиций. Берём только указанные русские традиции; обрядовые подробности требуют чтения карточки выбранного села.,https://www.culture.ru/traditions/culture-heritage/mythology/mythology-2/mythology-22/mythology-224,weddings,Свадьба,У,Редакционное размещение; не историческая дата возникновения.,"Подобрать указанные в механике предметы или записи, проверить локальную атрибуцию и права, подготовить подписанные иллюстрации. Механика — авторский замысел, ещё не реализована.",Запись/альбом/описание; проверить локальность и пригодность,False,False
04.10,"Свадебные роли: дружка, сваха, подруги",Почему у большого обряда так много помощников?,Распределить действия между персонажами по одному локальному источнику; открыть объяснение каждой роли.,Каталог локальных свадебных традиций. Берём только указанные русские традиции; обрядовые подробности требуют чтения карточки выбранного села.,https://www.culture.ru/traditions/culture-heritage/mythology/mythology-2/mythology-22/mythology-224,weddings,Свадьба,У,Редакционное размещение; не историческая дата возникновения.,"Подобрать указанные в механике предметы или записи, проверить локальную атрибуцию и права, подготовить подписанные иллюстрации. Механика — авторский замысел, ещё не реализована.",Запись/альбом/описание; проверить локальность и пригодность,False,False
05.10,Свадебное приглашение: известие идёт по селу,Как сообщить о событии без общего чата?,"Восстановить подтверждённый путь приглашения; увидеть круг людей, которых объединяет праздник.",Каталог локальных свадебных традиций. Берём только указанные русские традиции; обрядовые подробности требуют чтения карточки выбранного села.,https://www.culture.ru/traditions/culture-heritage/mythology/mythology-2/mythology-22/mythology-224,weddings,Соседство,У,Редакционное размещение; не историческая дата возникновения.,"Подобрать указанные в механике предметы или записи, проверить локальную атрибуцию и права, подготовить подписанные иллюстрации. Механика — авторский замысел, ещё не реализована.",Запись/альбом/описание; проверить локальность и пригодность,False,False
06.10,Девичник: последнее собрание в прежнем кругу,Что меняется в общении подруг перед свадьбой?,Сопоставить последовательность действий и песню выбранной традиции; выделить момент прощания.,Каталог локальных свадебных традиций. Берём только указанные русские традиции; обрядовые подробности требуют чтения карточки выбранного села.,https://www.culture.ru/traditions/culture-heritage/mythology/mythology-2/mythology-22/mythology-224,weddings,Свадьба,У,Редакционное размещение; не историческая дата возникновения.,"Подобрать указанные в механике предметы или записи, проверить локальную атрибуцию и права, подготовить подписанные иллюстрации. Механика — авторский замысел, ещё не реализована.",Запись/альбом/описание; проверить локальность и пригодность,False,False
07.10,Невестина коса: причёска обозначает переход,Почему волосы становятся частью семейного обряда?,По локальной записи сопоставить два состояния причёски; показать участников изменения и их действия.,Каталог локальных свадебных традиций. Берём только указанные русские традиции; обрядовые подробности требуют чтения карточки выбранного села.,https://www.culture.ru/traditions/culture-heritage/mythology/mythology-2/mythology-22/mythology-224,weddings,Одежда и обряд,У,Редакционное размещение; не историческая дата возникновения.,"Подобрать указанные в механике предметы или записи, проверить локальную атрибуцию и права, подготовить подписанные иллюстрации. Механика — авторский замысел, ещё не реализована.",Запись/альбом/описание; проверить локальность и пригодность,False,False
08.10,Свадебное причитание: печаль внутри праздника,Почему на свадьбе можно услышать плач?,"Проследить текст выбранной записи; выделить обращение и прощание, не превращая голос в конкурс веселья.",Каталог локальных свадебных традиций. Берём только указанные русские традиции; обрядовые подробности требуют чтения карточки выбранного села.,https://www.culture.ru/traditions/culture-heritage/mythology/mythology-2/mythology-22/mythology-224,weddings,Речь и чувство,У,Редакционное размещение; не историческая дата возникновения.,"Подобрать указанные в механике предметы или записи, проверить локальную атрибуцию и права, подготовить подписанные иллюстрации. Механика — авторский замысел, ещё не реализована.",Запись/альбом/описание; проверить локальность и пригодность,False,False
09.10,Причитание и песня: два способа говорить,Как услышать различие без музыкального образования?,Сравнить два коротких атрибутированных фрагмента одной традиции; отметить свободное и повторяющееся движение фразы.,Каталог локальных свадебных традиций. Берём только указанные русские традиции; обрядовые подробности требуют чтения карточки выбранного села.,https://www.culture.ru/traditions/culture-heritage/mythology/mythology-2/mythology-22/mythology-224,weddings,Музыкальная культура,У,Редакционное размещение; не историческая дата возникновения.,"Подобрать указанные в механике предметы или записи, проверить локальную атрибуцию и права, подготовить подписанные иллюстрации. Механика — авторский замысел, ещё не реализована.",Запись/альбом/описание; проверить локальность и пригодность,False,False
10.10,Свадебное деревце: предмет собирает действия,Почему вокруг небольшой украшенной вещи строится эпизод?,"По выбранному локальному источнику проследить, кто украшает, несёт и получает предмет.",Каталог локальных свадебных традиций. Берём только указанные русские традиции; обрядовые подробности требуют чтения карточки выбранного села.,https://www.culture.ru/traditions/culture-heritage/mythology/mythology-2/mythology-22/mythology-224,weddings,Обрядовый предмет,У,Редакционное размещение; не историческая дата возникновения.,"Подобрать указанные в механике предметы или записи, проверить локальную атрибуцию и права, подготовить подписанные иллюстрации. Механика — авторский замысел, ещё не реализована.",Запись/альбом/описание; проверить локальность и пригодность,False,False
11.10,Лента невесты: знак прежнего девичества,Как обычная полоска ткани становится памятной?,Рассмотреть подтверждённый образец или описание; восстановить его путь в одном свадебном обряде.,Каталог локальных свадебных традиций. Берём только указанные русские традиции; обрядовые подробности требуют чтения карточки выбранного села.,https://www.culture.ru/traditions/culture-heritage/mythology/mythology-2/mythology-22/mythology-224,weddings,Свадебная вещь,У,Редакционное размещение; не историческая дата возникновения.,"Подобрать указанные в механике предметы или записи, проверить локальную атрибуцию и права, подготовить подписанные иллюстрации. Механика — авторский замысел, ещё не реализована.",Запись/альбом/описание; проверить локальность и пригодность,False,False
12.10,Свадебный каравай: еда становится общим действием,Кто участвует в приготовлении и разделе хлеба?,По местному описанию распределить роли и этапы; сопоставить форму хлеба с его обрядовым использованием.,Каталог локальных свадебных традиций. Берём только указанные русские традиции; обрядовые подробности требуют чтения карточки выбранного села.,https://www.culture.ru/traditions/culture-heritage/mythology/mythology-2/mythology-22/mythology-224,weddings,Свадебная трапеза,У,Редакционное размещение; не историческая дата возникновения.,"Подобрать указанные в механике предметы или записи, проверить локальную атрибуцию и права, подготовить подписанные иллюстрации. Механика — авторский замысел, ещё не реализована.",Запись/альбом/описание; проверить локальность и пригодность,False,False
13.10,Каравайная песня: работа получает свой голос,"Что поют не для сцены, а для события?",Соединить фрагмент записанной песни с конкретным этапом обряда; показать подпись исполнителей.,Каталог локальных свадебных традиций. Берём только указанные русские традиции; обрядовые подробности требуют чтения карточки выбранного села.,https://www.culture.ru/traditions/culture-heritage/mythology/mythology-2/mythology-22/mythology-224,weddings,Песня и действие,У,Редакционное размещение; не историческая дата возникновения.,"Подобрать указанные в механике предметы или записи, проверить локальную атрибуцию и права, подготовить подписанные иллюстрации. Механика — авторский замысел, ещё не реализована.",Запись/альбом/описание; проверить локальность и пригодность,False,False
14.10,Покров: осень открывает свадебные ожидания,Как праздник связан с разговорами о будущей семье?,Выделить в музейном описании церковное и народное содержание; открыть одну локальную свадебную примету как поверье.,Этнокалендарь РЭМ; локальные варианты обычая требуют отдельного выбора.,https://ethnomuseum.ru/collections/ethnocalendar/october/pokrov-bogorodicy/,pokrov-bogorodicy,Народный календарь,К,Ежегодная дата по современному гражданскому календарю.,"Подобрать указанные в механике предметы или записи, проверить локальную атрибуцию и права, подготовить подписанные иллюстрации. Механика — авторский замысел, ещё не реализована.",Запись/альбом/описание; проверить локальность и пригодность,False,False
15.10,Свадебный поезд: деревня видит переход,Почему дорога между домами становится частью праздника?,Проложить подтверждённый маршрут по схеме поселения; раскрыть действия на каждой остановке.,Каталог локальных свадебных традиций. Берём только указанные русские традиции; обрядовые подробности требуют чтения карточки выбранного села.,https://www.culture.ru/traditions/culture-heritage/mythology/mythology-2/mythology-22/mythology-224,weddings,Свадебная дорога,У,Редакционное размещение; не историческая дата возникновения.,"Подобрать указанные в механике предметы или записи, проверить локальную атрибуцию и права, подготовить подписанные иллюстрации. Механика — авторский замысел, ещё не реализована.",Запись/альбом/описание; проверить локальность и пригодность,False,False
16.10,Хлеб-соль при встрече: принять человека в дом,Как трапеза выражает отношение к гостю?,"По локальному описанию сопоставить предметы, жесты и слова встречи; указать, что именно подтверждено.",Каталог локальных свадебных традиций. Берём только указанные русские традиции; обрядовые подробности требуют чтения карточки выбранного села.,https://www.culture.ru/traditions/culture-heritage/mythology/mythology-2/mythology-22/mythology-224,weddings,Гостеприимство,У,Редакционное размещение; не историческая дата возникновения.,"Подобрать указанные в механике предметы или записи, проверить локальную атрибуцию и права, подготовить подписанные иллюстрации. Механика — авторский замысел, ещё не реализована.",Запись/альбом/описание; проверить локальность и пригодность,False,False
17.10,Свадебный головной убор: прежний наряд меняет статус,Что надевают после изменения причёски?,Собрать новый комплект по музейному образцу той же традиции; сравнить с девичьим.,Музейный альбом русских локальных костюмных комплексов; конкретный комплект уточняется перед страницей.,https://collection.ethnomuseum.ru/entity/ARTICLE/2311,costume,Костюм и семья,У,Редакционное размещение; не историческая дата возникновения.,"Подобрать указанные в механике предметы или записи, проверить локальную атрибуцию и права, подготовить подписанные иллюстрации. Механика — авторский замысел, ещё не реализована.",Запись/альбом/описание; проверить локальность и пригодность,False,False
18.10,Красный угол: где собирается важное,Почему в комнате не все места равноценны?,На схеме выбранного русского интерьера найти красный угол; открыть его документированное бытовое и обрядовое значение.,"Тема-кандидат в рамках экспозиции РЭМ о русских. Конкретный предмет, местность, дата и подтверждение частного сюжета ещё подбираются; обзор не заменяет предметную атрибуцию.",https://ethnomuseum.ru/exposition/permanent/russians/,R,Дом,У,Редакционное размещение; не историческая дата возникновения.,"Подобрать указанные в механике предметы или записи, проверить локальную атрибуцию и права, подготовить подписанные иллюстрации. Механика — авторский замысел, ещё не реализована.",Общий обзор; нужен предмет,True,False
19.10,Место за столом: порядок виден в рассадке,Что может означать место человека на семейном пиру?,Рассадить участников по конкретному свадебному описанию; получить комментарий о местном порядке.,Каталог локальных свадебных традиций. Берём только указанные русские традиции; обрядовые подробности требуют чтения карточки выбранного села.,https://www.culture.ru/traditions/culture-heritage/mythology/mythology-2/mythology-22/mythology-224,weddings,Семейные отношения,У,Редакционное размещение; не историческая дата возникновения.,"Подобрать указанные в механике предметы или записи, проверить локальную атрибуцию и права, подготовить подписанные иллюстрации. Механика — авторский замысел, ещё не реализована.",Запись/альбом/описание; проверить локальность и пригодность,False,False
20.10,Величальная песня: назвать достоинства человека,Как песня обращается к конкретному гостю?,В выбранной записи выделить адресата и образы похвалы; связать текст с местом исполнения.,Русские сёла Чернянского и Новооскольского районов; конкретное село и запись выбираются перед страницей.,https://www.culture.ru/objects/2820/svadebnyi-obryad-russkikh-sel-chernyanskogo-i-novooskolskogo-raionov-belgorodskoi-oblasti,wedding,Песня,У,Редакционное размещение; не историческая дата возникновения.,"Подобрать указанные в механике предметы или записи, проверить локальную атрибуцию и права, подготовить подписанные иллюстрации. Механика — авторский замысел, ещё не реализована.",Запись/альбом/описание; проверить локальность и пригодность,False,False
21.10,Корильная песня: шутка имеет свои границы,Почему свадебная насмешка понятна участникам обряда?,Прочитать короткий атрибутированный фрагмент с объяснением ситуации; различить обрядовую роль и личную оценку.,Русские сёла Чернянского и Новооскольского районов; конкретное село и запись выбираются перед страницей.,https://www.culture.ru/objects/2820/svadebnyi-obryad-russkikh-sel-chernyanskogo-i-novooskolskogo-raionov-belgorodskoi-oblasti,wedding,Юмор и общение,У,Редакционное размещение; не историческая дата возникновения.,"Подобрать указанные в механике предметы или записи, проверить локальную атрибуцию и права, подготовить подписанные иллюстрации. Механика — авторский замысел, ещё не реализована.",Запись/альбом/описание; проверить локальность и пригодность,False,False
22.10,Отдаривание: подарок получает ответ,Как обмен вещами укрепляет новые связи?,По локальной описи построить цепочку дарителей и получателей; не добавлять универсальных свадебных норм.,Каталог локальных свадебных традиций. Берём только указанные русские традиции; обрядовые подробности требуют чтения карточки выбранного села.,https://www.culture.ru/traditions/culture-heritage/mythology/mythology-2/mythology-22/mythology-224,weddings,Родство,У,Редакционное размещение; не историческая дата возникновения.,"Подобрать указанные в механике предметы или записи, проверить локальную атрибуцию и права, подготовить подписанные иллюстрации. Механика — авторский замысел, ещё не реализована.",Запись/альбом/описание; проверить локальность и пригодность,False,False
23.10,"Свекровь, тёща, зять: новые слова после свадьбы",Как меняется название одного человека для разных родственников?,Переключать точку зрения на семейной схеме; получать название родственной связи.,Каталог локальных свадебных традиций. Берём только указанные русские традиции; обрядовые подробности требуют чтения карточки выбранного села.,https://www.culture.ru/traditions/culture-heritage/mythology/mythology-2/mythology-22/mythology-224,weddings,Родство и речь,У,Редакционное размещение; не историческая дата возникновения.,"Подобрать указанные в механике предметы или записи, проверить локальную атрибуцию и права, подготовить подписанные иллюстрации. Механика — авторский замысел, ещё не реализована.",Запись/альбом/описание; проверить локальность и пригодность,False,False
24.10,Первое утро в новом доме,Какие привычные действия становятся непривычными на новом месте?,По документированному описанию восстановить один утренний эпизод; показать пространство и участников.,Каталог локальных свадебных традиций. Берём только указанные русские традиции; обрядовые подробности требуют чтения карточки выбранного села.,https://www.culture.ru/traditions/culture-heritage/mythology/mythology-2/mythology-22/mythology-224,weddings,Семейный переход,У,Редакционное размещение; не историческая дата возникновения.,"Подобрать указанные в механике предметы или записи, проверить локальную атрибуцию и права, подготовить подписанные иллюстрации. Механика — авторский замысел, ещё не реализована.",Запись/альбом/описание; проверить локальность и пригодность,False,False
25.10,Большебыково: у свадьбы есть местный порядок,Почему нельзя собрать русскую свадьбу из случайных обычаев?,"Открыть карточку этой традиции, отметить её место и сопоставить этапы с другой отдельно подписанной традицией.",Каталог локальных свадебных традиций. Берём только указанные русские традиции; обрядовые подробности требуют чтения карточки выбранного села.,https://www.culture.ru/traditions/culture-heritage/mythology/mythology-2/mythology-22/mythology-224,weddings,Белгородчина,У,Редакционное размещение; не историческая дата возникновения.,"Подобрать указанные в механике предметы или записи, проверить локальную атрибуцию и права, подготовить подписанные иллюстрации. Механика — авторский замысел, ещё не реализована.",Запись/альбом/описание; проверить локальность и пригодность,False,False
26.10,Томское Приобье: русская свадьба вдали от прежней родины,Как семейный обряд живёт в переселенческой среде?,На карте связать место записи с выбранным свадебным материалом; особенности раскрывать по карточке старожилов.,Каталог локальных свадебных традиций. Берём только указанные русские традиции; обрядовые подробности требуют чтения карточки выбранного села.,https://www.culture.ru/traditions/culture-heritage/mythology/mythology-2/mythology-22/mythology-224,weddings,Русские Сибири,У,Редакционное размещение; не историческая дата возникновения.,"Подобрать указанные в механике предметы или записи, проверить локальную атрибуцию и права, подготовить подписанные иллюстрации. Механика — авторский замысел, ещё не реализована.",Запись/альбом/описание; проверить локальность и пригодность,False,False
27.10,Кеба: северная свадьба в голосах села,"Что даёт запись людей, а не только пересказ обряда?",Выбрать атрибутированный фрагмент кебской традиции; следить за голосом и подписью участницы.,"Русские сёла на реке Вашке, деревня Кеба Архангельской области. Описаны сольные и групповые причитания; конкретную запись и исполнительницу выбрать перед страницей.",https://www.culture.ru/objects/459/svadebnyi-obryad-derevni-keba-leshukonskogo-raiona-arkhangelskoi-oblasti,keba,Русский Север,У,Редакционное размещение; не историческая дата возникновения.,"Подобрать указанные в механике предметы или записи, проверить локальную атрибуцию и права, подготовить подписанные иллюстрации. Механика — авторский замысел, ещё не реализована.",Запись/альбом/описание; проверить локальность и пригодность,False,False
28.10,Локня и Ловать: свадьба на карте речных мест,Почему название традиции охватывает несколько поселений?,На карте отметить места выбранных записей; показать общие и различающиеся элементы без смешения обрядов.,Каталог локальных свадебных традиций. Берём только указанные русские традиции; обрядовые подробности требуют чтения карточки выбранного села.,https://www.culture.ru/traditions/culture-heritage/mythology/mythology-2/mythology-22/mythology-224,weddings,Псковские традиции,У,Редакционное размещение; не историческая дата возникновения.,"Подобрать указанные в механике предметы или записи, проверить локальную атрибуцию и права, подготовить подписанные иллюстрации. Механика — авторский замысел, ещё не реализована.",Запись/альбом/описание; проверить локальность и пригодность,False,False
29.10,Сланцевский район: семейный обряд сохраняется в записи,"Что остаётся, если обряд перестали исполнять целиком?",Сопоставить полевое описание и сохранившиеся песни; отметить документированные и утраченные части.,Каталог локальных свадебных традиций. Берём только указанные русские традиции; обрядовые подробности требуют чтения карточки выбранного села.,https://www.culture.ru/traditions/culture-heritage/mythology/mythology-2/mythology-22/mythology-224,weddings,Память о традиции,У,Редакционное размещение; не историческая дата возникновения.,"Подобрать указанные в механике предметы или записи, проверить локальную атрибуцию и права, подготовить подписанные иллюстрации. Механика — авторский замысел, ещё не реализована.",Запись/альбом/описание; проверить локальность и пригодность,False,False
30.10,Городское свадебное фото: новый язык старого события,Что изменилось в одежде и способе хранить память?,Сравнить два подписанных свадебных снимка разных поколений одной семьи; отметить видимые изменения.,"Тема-кандидат в рамках экспозиции РЭМ о русских. Конкретный предмет, местность, дата и подтверждение частного сюжета ещё подбираются; обзор не заменяет предметную атрибуцию.",https://ethnomuseum.ru/exposition/permanent/russians/,R,Городская семья,У,Редакционное размещение; не историческая дата возникновения.,"Подобрать указанные в механике предметы или записи, проверить локальную атрибуцию и права, подготовить подписанные иллюстрации. Механика — авторский замысел, ещё не реализована.",Общий обзор; нужен предмет,True,False
31.10,Семейная история без придуманного диалога,"Можно ли рассказать о близких, не зная их точных слов?","Собрать рассказ из фото, вещи и свидетельства; пометить установленные факты и семейное предание.","Тема-кандидат в рамках экспозиции РЭМ о русских. Конкретный предмет, местность, дата и подтверждение частного сюжета ещё подбираются; обзор не заменяет предметную атрибуцию.",https://ethnomuseum.ru/exposition/permanent/russians/,R,Семейная память,У,Редакционное размещение; не историческая дата возникновения.,"Подобрать указанные в механике предметы или записи, проверить локальную атрибуцию и права, подготовить подписанные иллюстрации. Механика — авторский замысел, ещё не реализована.",Общий обзор; нужен предмет,True,False
01.11,Федоскинская шкатулка: бумага становится прочной вещью,Почему лаковая коробочка начинается не с дерева?,Собрать условные стадии папье-маше по описанию промысла; сравнить основу и готовую вещь.,Тематический материал о росписи; музейный экземпляр и мастер подбираются отдельно.,https://www.culture.ru/materials/139105/zagadki-uzorov-russkikh-rospisei,paint,Лаковая миниатюра,У,Редакционное размещение; не историческая дата возникновения.,"Подобрать указанные в механике предметы или записи, проверить локальную атрибуцию и права, подготовить подписанные иллюстрации. Механика — авторский замысел, ещё не реализована.",Запись/альбом/описание; проверить локальность и пригодность,False,False
02.11,Федоскинский свет: блеск под живописью,Как глубина появляется на плоской крышке?,Переключать условные слои выбранной техники; сопоставить отражение света с музейным образцом.,Тематический материал о росписи; музейный экземпляр и мастер подбираются отдельно.,https://www.culture.ru/materials/139105/zagadki-uzorov-russkikh-rospisei,paint,Мастерство,У,Редакционное размещение; не историческая дата возникновения.,"Подобрать указанные в механике предметы или записи, проверить локальную атрибуцию и права, подготовить подписанные иллюстрации. Механика — авторский замысел, ещё не реализована.",Запись/альбом/описание; проверить локальность и пригодность,False,False
03.11,Палехская миниатюра: большая история на маленькой крышке,Как разместить несколько эпизодов в ладони?,"На выбранной миниатюре найти фигуры и путь взгляда; собрать карту рассказа, не копируя живопись целиком.",Тематический материал о росписи; музейный экземпляр и мастер подбираются отдельно.,https://www.culture.ru/materials/139105/zagadki-uzorov-russkikh-rospisei,paint,Вещь и рассказ,У,Редакционное размещение; не историческая дата возникновения.,"Подобрать указанные в механике предметы или записи, проверить локальную атрибуцию и права, подготовить подписанные иллюстрации. Механика — авторский замысел, ещё не реализована.",Запись/альбом/описание; проверить локальность и пригодность,False,False
04.11,Холуйская миниатюра: местная школа общего ремесла,Почему похожие коробочки имеют разные авторские почерки?,"Сопоставить подписанные работы Холуя и Палеха; отметить наблюдаемые различия, не выводя правила по одному предмету.","Кандидат по названному промыслу. Обзор Культура.РФ — исходный ориентир; конкретная вещь, автор, дата и частные технологические сведения требуют предметной проверки.",https://www.culture.ru/s/narodnye-promysly-rossii/,craft,Ремесленные центры,У,Редакционное размещение; не историческая дата возникновения.,"Подобрать указанные в механике предметы или записи, проверить локальную атрибуцию и права, подготовить подписанные иллюстрации. Механика — авторский замысел, ещё не реализована.",Общий обзор; нужен предмет,True,False
05.11,Мстёрская миниатюра: пейзаж вокруг действия,Как окружение помогает прочитать сюжет?,Разделить выбранное изображение на планы; вернуть фигуры в среду и сравнить восприятие.,"Кандидат по названному промыслу. Обзор Культура.РФ — исходный ориентир; конкретная вещь, автор, дата и частные технологические сведения требуют предметной проверки.",https://www.culture.ru/s/narodnye-promysly-rossii/,craft,Ремесло,У,Редакционное размещение; не историческая дата возникновения.,"Подобрать указанные в механике предметы или записи, проверить локальную атрибуцию и права, подготовить подписанные иллюстрации. Механика — авторский замысел, ещё не реализована.",Общий обзор; нужен предмет,True,False
06.11,Ростовская финифть: цвет выдерживает огонь,Почему маленькое украшение требует нескольких стадий?,Разложить по порядку этапы эмалевой работы из описания промысла; открыть готовый предмет под лупой.,"Кандидат по названному промыслу. Обзор Культура.РФ — исходный ориентир; конкретная вещь, автор, дата и частные технологические сведения требуют предметной проверки.",https://www.culture.ru/s/narodnye-promysly-rossii/,craft,Эмаль,У,Редакционное размещение; не историческая дата возникновения.,"Подобрать указанные в механике предметы или записи, проверить локальную атрибуцию и права, подготовить подписанные иллюстрации. Механика — авторский замысел, ещё не реализована.",Общий обзор; нужен предмет,True,False
07.11,Скань: узор из металлической нити,Как металл выглядит лёгким кружевом?,Проследить линию проволоки на выбранном изделии; собрать условный элемент из простых изгибов.,"Кандидат по названному промыслу. Обзор Культура.РФ — исходный ориентир; конкретная вещь, автор, дата и частные технологические сведения требуют предметной проверки.",https://www.culture.ru/s/narodnye-promysly-rossii/,craft,Металл,У,Редакционное размещение; не историческая дата возникновения.,"Подобрать указанные в механике предметы или записи, проверить локальную атрибуцию и права, подготовить подписанные иллюстрации. Механика — авторский замысел, ещё не реализована.",Общий обзор; нужен предмет,True,False
08.11,Дмитриев день: память собирает родных,Как календарь возвращает семью к ушедшим поколениям?,По музейному описанию найти формы поминовения; отдельно показать Дмитриев день и подвижную поминальную субботу.,Этнокалендарь РЭМ; локальные варианты обычая требуют отдельного выбора.,https://ethnomuseum.ru/collections/ethnocalendar/november/dmitriev-den/,dmitriev-den,Память и календарь,К,Ежегодная дата по современному гражданскому календарю.,"Подобрать указанные в механике предметы или записи, проверить локальную атрибуцию и права, подготовить подписанные иллюстрации. Механика — авторский замысел, ещё не реализована.",Запись/альбом/описание; проверить локальность и пригодность,False,False
09.11,Великоустюжская чернь: чёрный рисунок на серебре,Почему тёмная линия делает узор заметнее?,Сравнить выбранный предмет до условного выделения рисунка и после; открыть название техники.,"Кандидат по названному промыслу. Обзор Культура.РФ — исходный ориентир; конкретная вещь, автор, дата и частные технологические сведения требуют предметной проверки.",https://www.culture.ru/s/narodnye-promysly-rossii/,craft,Металл,У,Редакционное размещение; не историческая дата возникновения.,"Подобрать указанные в механике предметы или записи, проверить локальную атрибуцию и права, подготовить подписанные иллюстрации. Механика — авторский замысел, ещё не реализована.",Общий обзор; нужен предмет,True,False
10.11,Параскева Пятница: покровительство женским занятиям,Как имя святой входит в мир домашней работы?,Соединить музейное описание с конкретным занятием; запреты и поверья показывать как исторические представления.,Этнокалендарь РЭМ; локальные варианты обычая требуют отдельного выбора.,https://ethnomuseum.ru/collections/ethnocalendar/november/sukkot1/,sukkot1,Народный календарь,К,Ежегодная дата по современному гражданскому календарю.,"Подобрать указанные в механике предметы или записи, проверить локальную атрибуцию и права, подготовить подписанные иллюстрации. Механика — авторский замысел, ещё не реализована.",Запись/альбом/описание; проверить локальность и пригодность,False,False
11.11,Торжокское золотное шитьё: блеск ложится стежками,Как металлическая нить держится на ткани?,На увеличенной схеме выбранного приёма проследить крепление; затем найти его на музейной работе.,"Кандидат по названному промыслу. Обзор Культура.РФ — исходный ориентир; конкретная вещь, автор, дата и частные технологические сведения требуют предметной проверки.",https://www.culture.ru/s/narodnye-promysly-rossii/,craft,Шитьё,У,Редакционное размещение; не историческая дата возникновения.,"Подобрать указанные в механике предметы или записи, проверить локальную атрибуцию и права, подготовить подписанные иллюстрации. Механика — авторский замысел, ещё не реализована.",Общий обзор; нужен предмет,True,False
12.11,Крестецкая строчка: узор появляется в просветах,Как убрать часть нитей и сохранить ткань?,На условной сетке выделить нити основы и рисунка; сравнить с подписанным образцом строчки.,"Кандидат по названному промыслу. Обзор Культура.РФ — исходный ориентир; конкретная вещь, автор, дата и частные технологические сведения требуют предметной проверки.",https://www.culture.ru/s/narodnye-promysly-rossii/,craft,Текстиль,У,Редакционное размещение; не историческая дата возникновения.,"Подобрать указанные в механике предметы или записи, проверить локальную атрибуцию и права, подготовить подписанные иллюстрации. Механика — авторский замысел, ещё не реализована.",Общий обзор; нужен предмет,True,False
13.11,Елецкое кружево: мелкая сетка держит рисунок,Что соединяет крупные элементы узора?,"Приблизить выбранную работу, найти связки между мотивами и проследить один участок.","Кандидат по названному промыслу. Обзор Культура.РФ — исходный ориентир; конкретная вещь, автор, дата и частные технологические сведения требуют предметной проверки.",https://www.culture.ru/s/narodnye-promysly-rossii/,craft,Кружево,У,Редакционное размещение; не историческая дата возникновения.,"Подобрать указанные в механике предметы или записи, проверить локальную атрибуцию и права, подготовить подписанные иллюстрации. Механика — авторский замысел, ещё не реализована.",Общий обзор; нужен предмет,True,False
14.11,Кузьминки: праздник ремесла и молодёжного общения,Как один день объединяет работу и посиделки?,В музейном описании выделить выбранный русский обычай; собрать его участников и последовательность.,Этнокалендарь РЭМ; локальные варианты обычая требуют отдельного выбора.,https://ethnomuseum.ru/collections/ethnocalendar/november/kuz-minki/,kuz-minki,Народный календарь,К,Ежегодная дата по современному гражданскому календарю.,"Подобрать указанные в механике предметы или записи, проверить локальную атрибуцию и права, подготовить подписанные иллюстрации. Механика — авторский замысел, ещё не реализована.",Запись/альбом/описание; проверить локальность и пригодность,False,False
15.11,Кружево «Трактор»: техника принимает новый сюжет,Может ли народное кружево рассказывать о машине?,Найти трактор внутри орнамента музейного края; сравнить технический силуэт и кружевное решение.,"Предметная карточка кружевного края «Трактор»; хлопчатобумажная нить, сцепная техника. Автора и дату уточнить по полной карточке.",https://ar.culture.ru/ru/subject/kray-kruzhevnoy-traktor,lace-tractor,Традиция XX века,У,Редакционное размещение; не историческая дата возникновения.,"Подобрать указанные в механике предметы или записи, проверить локальную атрибуцию и права, подготовить подписанные иллюстрации. Механика — авторский замысел, ещё не реализована.",Есть адрес предметной карточки; сверить содержание и медиа,False,False
16.11,Павловопосадский платок: букет виден даже в складках,Как рисунок рассчитан на ношение?,"Сложить условный квадрат тремя способами; увидеть, какие части композиции остаются на виду.","Кандидат по названному промыслу. Обзор Культура.РФ — исходный ориентир; конкретная вещь, автор, дата и частные технологические сведения требуют предметной проверки.",https://www.culture.ru/s/narodnye-promysly-rossii/,craft,Текстиль,У,Редакционное размещение; не историческая дата возникновения.,"Подобрать указанные в механике предметы или записи, проверить локальную атрибуцию и права, подготовить подписанные иллюстрации. Механика — авторский замысел, ещё не реализована.",Общий обзор; нужен предмет,True,False
17.11,Оренбургский пуховый платок: тепло в тонкой нити,Как материал соединяет лёгкость и укрытие?,Под лупой сравнить пряжу и рисунок выбранного платка; документированные испытания показывать отдельно от легенд.,"Кандидат по названному промыслу. Обзор Культура.РФ — исходный ориентир; конкретная вещь, автор, дата и частные технологические сведения требуют предметной проверки.",https://www.culture.ru/s/narodnye-promysly-rossii/,craft,Текстиль,У,Редакционное размещение; не историческая дата возникновения.,"Подобрать указанные в механике предметы или записи, проверить локальную атрибуцию и права, подготовить подписанные иллюстрации. Механика — авторский замысел, ещё не реализована.",Общий обзор; нужен предмет,True,False
18.11,Каслинское литьё: металл передаёт мелкую форму,Как тяжёлый материал сохраняет тонкие детали?,Повернуть выбранную бытовую отливку; найти тонкие элементы и открыть этапы формы и литья по источнику.,"Кандидат по названному промыслу. Обзор Культура.РФ — исходный ориентир; конкретная вещь, автор, дата и частные технологические сведения требуют предметной проверки.",https://www.culture.ru/s/narodnye-promysly-rossii/,craft,Металл,У,Редакционное размещение; не историческая дата возникновения.,"Подобрать указанные в механике предметы или записи, проверить локальную атрибуцию и права, подготовить подписанные иллюстрации. Механика — авторский замысел, ещё не реализована.",Общий обзор; нужен предмет,True,False
19.11,Тагильский поднос: металл становится цветочным полем,"Что меняется, когда рисунок попадает на тёмную основу?",Наложить условную композицию на разные фоны; сравнить с атрибутированным подносом.,"Кандидат по названному промыслу. Обзор Культура.РФ — исходный ориентир; конкретная вещь, автор, дата и частные технологические сведения требуют предметной проверки.",https://www.culture.ru/s/narodnye-promysly-rossii/,craft,Роспись,У,Редакционное размещение; не историческая дата возникновения.,"Подобрать указанные в механике предметы или записи, проверить локальную атрибуцию и права, подготовить подписанные иллюстрации. Механика — авторский замысел, ещё не реализована.",Общий обзор; нужен предмет,True,False
20.11,Шемогодская береста: узор прорезан насквозь,Как сохранить прочность вокруг тонких отверстий?,На условном фрагменте выделить перемычки; сопоставить их с выбранным резным изделием.,"Кандидат по названному промыслу. Обзор Культура.РФ — исходный ориентир; конкретная вещь, автор, дата и частные технологические сведения требуют предметной проверки.",https://www.culture.ru/s/narodnye-promysly-rossii/,craft,Береста,У,Редакционное размещение; не историческая дата возникновения.,"Подобрать указанные в механике предметы или записи, проверить локальную атрибуцию и права, подготовить подписанные иллюстрации. Механика — авторский замысел, ещё не реализована.",Общий обзор; нужен предмет,True,False
21.11,Вятский кап: дерево уже принесло свой рисунок,"Что здесь сделал мастер, а что выросло само?",Сопоставить заготовку и вещь; выделить природный рисунок и обработанную форму.,"Кандидат по названному промыслу. Обзор Культура.РФ — исходный ориентир; конкретная вещь, автор, дата и частные технологические сведения требуют предметной проверки.",https://www.culture.ru/s/narodnye-promysly-rossii/,craft,Дерево,У,Редакционное размещение; не историческая дата возникновения.,"Подобрать указанные в механике предметы или записи, проверить локальную атрибуцию и права, подготовить подписанные иллюстрации. Механика — авторский замысел, ещё не реализована.",Общий обзор; нужен предмет,True,False
22.11,Холмогорская резьба по кости: маленькие просветы,Как ажурная деталь складывается в цельную вещь?,Увеличить выбранный образец; проследить границы вставки и способ её соединения с основой.,"Кандидат по названному промыслу. Обзор Культура.РФ — исходный ориентир; конкретная вещь, автор, дата и частные технологические сведения требуют предметной проверки.",https://www.culture.ru/s/narodnye-promysly-rossii/,craft,Косторезное ремесло,У,Редакционное размещение; не историческая дата возникновения.,"Подобрать указанные в механике предметы или записи, проверить локальную атрибуцию и права, подготовить подписанные иллюстрации. Механика — авторский замысел, ещё не реализована.",Общий обзор; нужен предмет,True,False
23.11,Тобольская костяная миниатюра: жест в малом масштабе,Можно ли узнать занятие человека по маленькой фигуре?,"Рассмотреть подписанную бытовую сцену с разных сторон; найти предмет, объясняющий действие.","Кандидат по названному промыслу. Обзор Культура.РФ — исходный ориентир; конкретная вещь, автор, дата и частные технологические сведения требуют предметной проверки.",https://www.culture.ru/s/narodnye-promysly-rossii/,craft,Мастерство,У,Редакционное размещение; не историческая дата возникновения.,"Подобрать указанные в механике предметы или записи, проверить локальную атрибуцию и права, подготовить подписанные иллюстрации. Механика — авторский замысел, ещё не реализована.",Общий обзор; нужен предмет,True,False
24.11,Абрамцево-кудринская резьба: листья выходят из поверхности,Как округлый рельеф создаёт игру света?,Передвинуть условный источник света над цифровым образцом; сравнить рельеф и плоский контур.,"Кандидат по названному промыслу. Обзор Культура.РФ — исходный ориентир; конкретная вещь, автор, дата и частные технологические сведения требуют предметной проверки.",https://www.culture.ru/s/narodnye-promysly-rossii/,craft,Дерево,У,Редакционное размещение; не историческая дата возникновения.,"Подобрать указанные в механике предметы или записи, проверить локальную атрибуцию и права, подготовить подписанные иллюстрации. Механика — авторский замысел, ещё не реализована.",Общий обзор; нужен предмет,True,False
25.11,Дулёвская чашка: повседневная вещь несёт роспись,Почему рисунок должен учитывать ручку и край?,Разместить условный цветок на форме чашки; сопоставить с выбранным подписанным изделием.,"Кандидат по названному промыслу. Обзор Культура.РФ — исходный ориентир; конкретная вещь, автор, дата и частные технологические сведения требуют предметной проверки.",https://www.culture.ru/s/narodnye-promysly-rossii/,craft,Фарфор,У,Редакционное размещение; не историческая дата возникновения.,"Подобрать указанные в механике предметы или записи, проверить локальную атрибуцию и права, подготовить подписанные иллюстрации. Механика — авторский замысел, ещё не реализована.",Общий обзор; нужен предмет,True,False
26.11,Скопинский сосуд: гончарная форма становится затейливой,Где заканчивается ёмкость и начинается фигурный декор?,"Повернуть музейный образец; найти горло, ручку и декоративные части, прочитать их описание.","Кандидат по названному промыслу. Обзор Культура.РФ — исходный ориентир; конкретная вещь, автор, дата и частные технологические сведения требуют предметной проверки.",https://www.culture.ru/s/narodnye-promysly-rossii/,craft,Керамика,У,Редакционное размещение; не историческая дата возникновения.,"Подобрать указанные в механике предметы или записи, проверить локальную атрибуцию и права, подготовить подписанные иллюстрации. Механика — авторский замысел, ещё не реализована.",Общий обзор; нужен предмет,True,False
27.11,Судогодская игрушка: местный почерк в маленькой вещи,"Чем интересен промысел, о котором редко слышат?",Сравнить подписанные местные образцы с другим центром; выделить только наблюдаемые отличия.,"Репортаж о выставке, 2024: судогодская игрушка из современных материалов в русском народном костюме. Это современная работа; автор и конкретный экземпляр ещё выбираются.",https://vladtv.ru/culture/152372/,sudogda,Региональное ремесло,У,Редакционное размещение; не историческая дата возникновения.,"Подобрать указанные в механике предметы или записи, проверить локальную атрибуцию и права, подготовить подписанные иллюстрации. Механика — авторский замысел, ещё не реализована.",Запись/альбом/описание; проверить локальность и пригодность,False,False
28.11,Подпись мастера: увидеть человека за узором,Как перестать воспринимать промысел как безымянное производство?,Найти подпись или документированное имя у выбранной вещи; собрать короткую карточку автора.,"Кандидат по названному промыслу. Обзор Культура.РФ — исходный ориентир; конкретная вещь, автор, дата и частные технологические сведения требуют предметной проверки.",https://www.culture.ru/s/narodnye-promysly-rossii/,craft,Люди традиции,У,Редакционное размещение; не историческая дата возникновения.,"Подобрать указанные в механике предметы или записи, проверить локальную атрибуцию и права, подготовить подписанные иллюстрации. Механика — авторский замысел, ещё не реализована.",Общий обзор; нужен предмет,True,False
29.11,Ученическая работа: ошибка показывает путь к умению,Что начинающий ещё не умеет делать автоматически?,С разрешения мастера сопоставить учебный и зрелый образцы; открыть конкретный освоенный приём.,"Кандидат по названному промыслу. Обзор Культура.РФ — исходный ориентир; конкретная вещь, автор, дата и частные технологические сведения требуют предметной проверки.",https://www.culture.ru/s/narodnye-promysly-rossii/,craft,Передача навыка,У,Редакционное размещение; не историческая дата возникновения.,"Подобрать указанные в механике предметы или записи, проверить локальную атрибуцию и права, подготовить подписанные иллюстрации. Механика — авторский замысел, ещё не реализована.",Общий обзор; нужен предмет,True,False
30.11,Посиделки: совместная работа и разговор,Почему вечерний труд легче представить с другими людьми?,По локальному свидетельству разместить участников и занятия; открыть записанную песню или рассказ той же традиции.,"Тема-кандидат в рамках экспозиции РЭМ о русских. Конкретный предмет, местность, дата и подтверждение частного сюжета ещё подбираются; обзор не заменяет предметную атрибуцию.",https://ethnomuseum.ru/exposition/permanent/russians/,R,Общение,У,Редакционное размещение; не историческая дата возникновения.,"Подобрать указанные в механике предметы или записи, проверить локальную атрибуцию и права, подготовить подписанные иллюстрации. Механика — авторский замысел, ещё не реализована.",Общий обзор; нужен предмет,True,False
01.12,Полушубок: тепло при свободных руках,Почему длинная шуба подходит не для всякого дела?,Сравнить два документированных силуэта верхней одежды; сопоставить длину с выбранным занятием.,Музейный альбом русских локальных костюмных комплексов; конкретный комплект уточняется перед страницей.,https://collection.ethnomuseum.ru/entity/ARTICLE/2311,costume,Зимняя одежда,У,Редакционное размещение; не историческая дата возникновения.,"Подобрать указанные в механике предметы или записи, проверить локальную атрибуцию и права, подготовить подписанные иллюстрации. Механика — авторский замысел, ещё не реализована.",Запись/альбом/описание; проверить локальность и пригодность,False,False
02.12,Рукавицы: пальцы сохраняют тепло вместе,Как форма связана с работой на морозе?,"Рассмотреть выбранные рукавицы, найти следы износа и сопоставить материал с местным описанием.",Музейный альбом русских локальных костюмных комплексов; конкретный комплект уточняется перед страницей.,https://collection.ethnomuseum.ru/entity/ARTICLE/2311,costume,Одежда,У,Редакционное размещение; не историческая дата возникновения.,"Подобрать указанные в механике предметы или записи, проверить локальную атрибуцию и права, подготовить подписанные иллюстрации. Механика — авторский замысел, ещё не реализована.",Запись/альбом/описание; проверить локальность и пригодность,False,False
03.12,Онучи: обувь начинается до лаптя,Что наматывали на ногу перед выходом?,По атрибутированной схеме собрать слои обувного комплекта; показать местный вариант без универсального рецепта.,Музейный альбом русских локальных костюмных комплексов; конкретный комплект уточняется перед страницей.,https://collection.ethnomuseum.ru/entity/ARTICLE/2311,costume,Одежда,У,Редакционное размещение; не историческая дата возникновения.,"Подобрать указанные в механике предметы или записи, проверить локальную атрибуцию и права, подготовить подписанные иллюстрации. Механика — авторский замысел, ещё не реализована.",Запись/альбом/описание; проверить локальность и пригодность,False,False
04.12,Введение: зимняя дорога входит в праздник,Почему в народном описании появляются сани?,Сопоставить календарное название с музейным рассказом о зимнем выезде; открыть подтверждённые детали.,Этнокалендарь РЭМ; локальные варианты обычая требуют отдельного выбора.,https://ethnomuseum.ru/collections/ethnocalendar/november/vvedenie/,vvedenie,Народный календарь,К,Ежегодная дата по современному гражданскому календарю.,"Подобрать указанные в механике предметы или записи, проверить локальную атрибуцию и права, подготовить подписанные иллюстрации. Механика — авторский замысел, ещё не реализована.",Запись/альбом/описание; проверить локальность и пригодность,False,False
05.12,Сани-розвальни: ширина ради груза,"Почему рабочие сани выглядят иначе, чем прогулочные?",Расположить условный хозяйственный груз на схеме; сравнить опоры с выбранным музейным образцом.,"Тема-кандидат в рамках экспозиции РЭМ о русских. Конкретный предмет, местность, дата и подтверждение частного сюжета ещё подбираются; обзор не заменяет предметную атрибуцию.",https://ethnomuseum.ru/exposition/permanent/russians/,R,Зимняя дорога,У,Редакционное размещение; не историческая дата возникновения.,"Подобрать указанные в механике предметы или записи, проверить локальную атрибуцию и права, подготовить подписанные иллюстрации. Механика — авторский замысел, ещё не реализована.",Общий обзор; нужен предмет,True,False
06.12,Дровни: запас тепла везут по снегу,Как уложить длинные поленья на короткую основу?,По документированной конструкции собрать условную укладку; увидеть связь груза и устройства саней.,"Тема-кандидат в рамках экспозиции РЭМ о русских. Конкретный предмет, местность, дата и подтверждение частного сюжета ещё подбираются; обзор не заменяет предметную атрибуцию.",https://ethnomuseum.ru/exposition/permanent/russians/,R,Хозяйство,У,Редакционное размещение; не историческая дата возникновения.,"Подобрать указанные в механике предметы или записи, проверить локальную атрибуцию и права, подготовить подписанные иллюстрации. Механика — авторский замысел, ещё не реализована.",Общий обзор; нужен предмет,True,False
07.12,Дровяная поленница: порядок помогает запасу,Почему поленья не просто сваливают у стены?,Сравнить два способа условной укладки с музейной фотографией; раскрыть выбранный хозяйственный приём.,"Тема-кандидат в рамках экспозиции РЭМ о русских. Конкретный предмет, местность, дата и подтверждение частного сюжета ещё подбираются; обзор не заменяет предметную атрибуцию.",https://ethnomuseum.ru/exposition/permanent/russians/,R,Зимние запасы,У,Редакционное размещение; не историческая дата возникновения.,"Подобрать указанные в механике предметы или записи, проверить локальную атрибуцию и права, подготовить подписанные иллюстрации. Механика — авторский замысел, ещё не реализована.",Общий обзор; нужен предмет,True,False
08.12,Печной заслон: небольшая деталь большого очага,"Что меняется, когда устье печи закрывают?",На музейной схеме найти заслон и его место; показать назначение без инструкции по эксплуатации печи.,"Тема-кандидат в рамках экспозиции РЭМ о русских. Конкретный предмет, местность, дата и подтверждение частного сюжета ещё подбираются; обзор не заменяет предметную атрибуцию.",https://ethnomuseum.ru/exposition/permanent/russians/,R,Дом,У,Редакционное размещение; не историческая дата возникновения.,"Подобрать указанные в механике предметы или записи, проверить локальную атрибуцию и права, подготовить подписанные иллюстрации. Механика — авторский замысел, ещё не реализована.",Общий обзор; нужен предмет,True,False
09.12,Егорий зимний: имя дня хранит историческую память,Почему Юрьев день стал поговоркой?,Сопоставить музейное объяснение имени и поговорку; датировки и правовую историю раскрывать по отдельной проверенной справке.,Этнокалендарь РЭМ; локальные варианты обычая требуют отдельного выбора.,https://ethnomuseum.ru/collections/ethnocalendar/december/egorij-zimnij/,egorij-zimnij,Календарь и речь,К,Ежегодная дата по современному гражданскому календарю.,"Подобрать указанные в механике предметы или записи, проверить локальную атрибуцию и права, подготовить подписанные иллюстрации. Механика — авторский замысел, ещё не реализована.",Запись/альбом/описание; проверить локальность и пригодность,False,False
10.12,Печурка: у печи есть маленькие ниши,Что можно узнать о быте по углублению в стенке?,На выбранном разрезе найти печурки; раскрыть документированное использование каждой.,"Тема-кандидат в рамках экспозиции РЭМ о русских. Конкретный предмет, местность, дата и подтверждение частного сюжета ещё подбираются; обзор не заменяет предметную атрибуцию.",https://ethnomuseum.ru/exposition/permanent/russians/,R,Домашнее пространство,У,Редакционное размещение; не историческая дата возникновения.,"Подобрать указанные в механике предметы или записи, проверить локальную атрибуцию и права, подготовить подписанные иллюстрации. Механика — авторский замысел, ещё не реализована.",Общий обзор; нужен предмет,True,False
11.12,Полати: место над повседневной суетой,Как получить ещё одно место в небольшой избе?,На схеме выбранного дома выделить верхний ярус; сопоставить его с расположением печи и лавок.,"Тема-кандидат в рамках экспозиции РЭМ о русских. Конкретный предмет, местность, дата и подтверждение частного сюжета ещё подбираются; обзор не заменяет предметную атрибуцию.",https://ethnomuseum.ru/exposition/permanent/russians/,R,Дом,У,Редакционное размещение; не историческая дата возникновения.,"Подобрать указанные в механике предметы или записи, проверить локальную атрибуцию и права, подготовить подписанные иллюстрации. Механика — авторский замысел, ещё не реализована.",Общий обзор; нужен предмет,True,False
12.12,Бабий кут: работа организует часть комнаты,Почему кухонные вещи собраны в одном месте?,Разместить предметы по документированному интерьеру; показать связь рабочего пространства и последовательности дел.,"Тема-кандидат в рамках экспозиции РЭМ о русских. Конкретный предмет, местность, дата и подтверждение частного сюжета ещё подбираются; обзор не заменяет предметную атрибуцию.",https://ethnomuseum.ru/exposition/permanent/russians/,R,Домашний труд,У,Редакционное размещение; не историческая дата возникновения.,"Подобрать указанные в механике предметы или записи, проверить локальную атрибуцию и права, подготовить подписанные иллюстрации. Механика — авторский замысел, ещё не реализована.",Общий обзор; нужен предмет,True,False
13.12,Шуба на семейном снимке: одежда и достаток,Можно ли судить о человеке по одной дорогой вещи?,"Рассмотреть материал и покрой, затем открыть документальные сведения; показать границы вывода по фотографии.",Музейный альбом русских локальных костюмных комплексов; конкретный комплект уточняется перед страницей.,https://collection.ethnomuseum.ru/entity/ARTICLE/2311,costume,Одежда и общество,У,Редакционное размещение; не историческая дата возникновения.,"Подобрать указанные в механике предметы или записи, проверить локальную атрибуцию и права, подготовить подписанные иллюстрации. Механика — авторский замысел, ещё не реализована.",Запись/альбом/описание; проверить локальность и пригодность,False,False
14.12,Деревянная шкатулка с секретом: сохранить личное,Какие вещи хозяин держал отдельно от повседневных?,По описи выбранного предмета связать отделения с содержимым; реконструкцию наполнения явно подписать.,"Тема-кандидат в рамках экспозиции РЭМ о русских. Конкретный предмет, местность, дата и подтверждение частного сюжета ещё подбираются; обзор не заменяет предметную атрибуцию.",https://ethnomuseum.ru/exposition/permanent/russians/,R,Личное пространство,У,Редакционное размещение; не историческая дата возникновения.,"Подобрать указанные в механике предметы или записи, проверить локальную атрибуцию и права, подготовить подписанные иллюстрации. Механика — авторский замысел, ещё не реализована.",Общий обзор; нужен предмет,True,False
15.12,Лубочная картинка: рассказ читают глазами,Как изображение и подпись работают вместе?,Разобрать один выбранный бытовой лубок на эпизоды; соединить каждый с соответствующей строкой.,"Тема-кандидат в рамках экспозиции РЭМ о русских. Конкретный предмет, местность, дата и подтверждение частного сюжета ещё подбираются; обзор не заменяет предметную атрибуцию.",https://ethnomuseum.ru/exposition/permanent/russians/,R,Народное чтение,У,Редакционное размещение; не историческая дата возникновения.,"Подобрать указанные в механике предметы или записи, проверить локальную атрибуцию и права, подготовить подписанные иллюстрации. Механика — авторский замысел, ещё не реализована.",Общий обзор; нужен предмет,True,False
16.12,Домашнее чтение вслух: одна книга для нескольких слушателей,"Что меняется, когда текст звучит для всей комнаты?",На документированном воспоминании восстановить круг слушателей; прослушать короткий разрешённый фрагмент.,Этнокалендарь РЭМ; локальные варианты обычая требуют отдельного выбора.,https://ethnomuseum.ru/collections/ethnocalendar/october/vserossijskij-den-chteniya/,vserossijskij-den-chteniya,Семейное общение,У,Редакционное размещение; не историческая дата возникновения.,"Подобрать указанные в механике предметы или записи, проверить локальную атрибуцию и права, подготовить подписанные иллюстрации. Механика — авторский замысел, ещё не реализована.",Запись/альбом/описание; проверить локальность и пригодность,False,False
17.12,Сказка в двух записях: один сюжет живёт по-разному,Почему рассказчики не повторяют текст слово в слово?,Сопоставить два подписанных русских варианта выбранной сказки; отметить общие события и различия.,"Тема-кандидат в рамках экспозиции РЭМ о русских. Конкретный предмет, местность, дата и подтверждение частного сюжета ещё подбираются; обзор не заменяет предметную атрибуцию.",https://ethnomuseum.ru/exposition/permanent/russians/,R,Устная традиция,У,Редакционное размещение; не историческая дата возникновения.,"Подобрать указанные в механике предметы или записи, проверить локальную атрибуцию и права, подготовить подписанные иллюстрации. Механика — авторский замысел, ещё не реализована.",Общий обзор; нужен предмет,True,False
18.12,Загадка о вещи: узнать знакомое по непрямому описанию,"Можно ли назвать предмет, если о нём говорят обходно?",Сопоставить записанную русскую загадку с музейными вещами; после выбора открыть образное сравнение.,"Тема-кандидат в рамках экспозиции РЭМ о русских. Конкретный предмет, местность, дата и подтверждение частного сюжета ещё подбираются; обзор не заменяет предметную атрибуцию.",https://ethnomuseum.ru/exposition/permanent/russians/,R,Речь,У,Редакционное размещение; не историческая дата возникновения.,"Подобрать указанные в механике предметы или записи, проверить локальную атрибуцию и права, подготовить подписанные иллюстрации. Механика — авторский замысел, ещё не реализована.",Общий обзор; нужен предмет,True,False
19.12,Никола зимний: два праздника одного святого,Чем зимний Никола отличается от вешнего в народном быту?,На общей ленте открыть две музейные карточки; сопоставить только подтверждённые сезонные мотивы.,Этнокалендарь РЭМ; локальные варианты обычая требуют отдельного выбора.,https://ethnomuseum.ru/collections/ethnocalendar/december/sukkot8/,nikola-zimnij,Народный календарь,К,Ежегодная дата по современному гражданскому календарю.,"Подобрать указанные в механике предметы или записи, проверить локальную атрибуцию и права, подготовить подписанные иллюстрации. Механика — авторский замысел, ещё не реализована.",Запись/альбом/описание; проверить локальность и пригодность,False,False
20.12,Пословица о труде: короткая фраза и жизненная ситуация,Почему пословица понятна не в каждом случае?,Подобрать к выбранной записанной пословице подходящую ситуацию; получить объяснение переносного смысла.,"Тема-кандидат в рамках экспозиции РЭМ о русских. Конкретный предмет, местность, дата и подтверждение частного сюжета ещё подбираются; обзор не заменяет предметную атрибуцию.",https://ethnomuseum.ru/exposition/permanent/russians/,R,Русская речь,У,Редакционное размещение; не историческая дата возникновения.,"Подобрать указанные в механике предметы или записи, проверить локальную атрибуцию и права, подготовить подписанные иллюстрации. Механика — авторский замысел, ещё не реализована.",Общий обзор; нужен предмет,True,False
21.12,Домашнее прозвище: имя внутри сообщества,Как отличают людей с одинаковыми именами?,По опубликованному локальному свидетельству восстановить связь прозвища с семьёй; сведения живых людей использовать с согласием.,"Тема-кандидат в рамках экспозиции РЭМ о русских. Конкретный предмет, местность, дата и подтверждение частного сюжета ещё подбираются; обзор не заменяет предметную атрибуцию.",https://ethnomuseum.ru/exposition/permanent/russians/,R,Соседство и речь,У,Редакционное размещение; не историческая дата возникновения.,"Подобрать указанные в механике предметы или записи, проверить локальную атрибуцию и права, подготовить подписанные иллюстрации. Механика — авторский замысел, ещё не реализована.",Общий обзор; нужен предмет,True,False
22.12,Зимняя песня Лопатней: голос продолжает календарь,Как праздничный репертуар отличается от лирического?,Сравнить два коротких атрибутированных фрагмента села; открыть назначение каждого.,"Русские; село Лопатни, Брянская область. Конкретные записи и исполнители выбираются перед производством.",https://www.culture.ru/objects/2836/pesennaya-tradiciya-sela-lopatni-klincovskogo-raiona-bryanskoi-oblasti,lopatni,Песенная культура,У,Редакционное размещение; не историческая дата возникновения.,"Подобрать указанные в механике предметы или записи, проверить локальную атрибуцию и права, подготовить подписанные иллюстрации. Механика — авторский замысел, ещё не реализована.",Запись/альбом/описание; проверить локальность и пригодность,False,False
23.12,Семейный рецепт в тетради: память измеряют на глаз,"Как записать умение, которое раньше показывали руками?","Сопоставить подлинную запись и комментарий владельца; отметить неясные меры, не выдавая их за проверенный рецепт.",История повседневного питания; региональный рецепт и посуда подбираются отдельно.,https://www.culture.ru/s/vopros/chto-eli-do-kartoshki/,food,Семейная память,У,Редакционное размещение; не историческая дата возникновения.,"Подобрать указанные в механике предметы или записи, проверить локальную атрибуцию и права, подготовить подписанные иллюстрации. Механика — авторский замысел, ещё не реализована.",Запись/альбом/описание; проверить локальность и пригодность,False,False
24.12,Штопка: восстановить ткань внутри отверстия,"Можно ли починить вещь, повторив её структуру?",На условной сетке восстановить основу и уток; затем рассмотреть след штопки на атрибутированной вещи.,Музейный альбом русских локальных костюмных комплексов; конкретный комплект уточняется перед страницей.,https://collection.ethnomuseum.ru/entity/ARTICLE/2311,costume,Ремонт,У,Редакционное размещение; не историческая дата возникновения.,"Подобрать указанные в механике предметы или записи, проверить локальную атрибуцию и права, подготовить подписанные иллюстрации. Механика — авторский замысел, ещё не реализована.",Запись/альбом/описание; проверить локальность и пригодность,False,False
25.12,Упаковка подарка: забота видна ещё до открытия,Что о дарителе рассказывает собственноручная отделка?,По документированному семейному примеру сопоставить подарок и упаковку; собственный вариант подписать как современный.,"Тема-кандидат в рамках экспозиции РЭМ о русских. Конкретный предмет, местность, дата и подтверждение частного сюжета ещё подбираются; обзор не заменяет предметную атрибуцию.",https://ethnomuseum.ru/exposition/permanent/russians/,R,Подарок,У,Редакционное размещение; не историческая дата возникновения.,"Подобрать указанные в механике предметы или записи, проверить локальную атрибуцию и права, подготовить подписанные иллюстрации. Механика — авторский замысел, ещё не реализована.",Общий обзор; нужен предмет,True,False
26.12,Бумажная гирлянда: праздник собирают всей семьёй,Как простое повторение превращается в украшение комнаты?,Составить условную цепочку элементов; сопоставить с датированной фотографией домашнего праздника.,"Тема-кандидат в рамках экспозиции РЭМ о русских. Конкретный предмет, местность, дата и подтверждение частного сюжета ещё подбираются; обзор не заменяет предметную атрибуцию.",https://ethnomuseum.ru/exposition/permanent/russians/,R,Городское детство,У,Редакционное размещение; не историческая дата возникновения.,"Подобрать указанные в механике предметы или записи, проверить локальную атрибуцию и права, подготовить подписанные иллюстрации. Механика — авторский замысел, ещё не реализована.",Общий обзор; нужен предмет,True,False
27.12,Стеклянные бусы на ёлке: узор тянется по веткам,Чем длинное украшение отличается от отдельной игрушки?,На условной ёлке проложить линию бус; рассмотреть выбранный датированный музейный образец.,"Тема-кандидат в рамках экспозиции РЭМ о русских. Конкретный предмет, местность, дата и подтверждение частного сюжета ещё подбираются; обзор не заменяет предметную атрибуцию.",https://ethnomuseum.ru/exposition/permanent/russians/,R,Праздничный быт,У,Редакционное размещение; не историческая дата возникновения.,"Подобрать указанные в механике предметы или записи, проверить локальную атрибуцию и права, подготовить подписанные иллюстрации. Механика — авторский замысел, ещё не реализована.",Общий обзор; нужен предмет,True,False
28.12,Новогодняя маска: домашний спектакль на один вечер,Как ребёнок превращается в персонажа?,Сопоставить датированную маску и праздничный снимок; выбрать детали собственного современного эскиза.,"Тема-кандидат в рамках экспозиции РЭМ о русских. Конкретный предмет, местность, дата и подтверждение частного сюжета ещё подбираются; обзор не заменяет предметную атрибуцию.",https://ethnomuseum.ru/exposition/permanent/russians/,R,Детство,У,Редакционное размещение; не историческая дата возникновения.,"Подобрать указанные в механике предметы или записи, проверить локальную атрибуцию и права, подготовить подписанные иллюстрации. Механика — авторский замысел, ещё не реализована.",Общий обзор; нужен предмет,True,False
29.12,Костюм для утренника: семейное рукоделие XX века,Что можно сшить из доступных домашних материалов?,По документированной истории костюма собрать карту материалов и участников изготовления.,"Тема-кандидат в рамках экспозиции РЭМ о русских. Конкретный предмет, местность, дата и подтверждение частного сюжета ещё подбираются; обзор не заменяет предметную атрибуцию.",https://ethnomuseum.ru/exposition/permanent/russians/,R,Семейное творчество,У,Редакционное размещение; не историческая дата возникновения.,"Подобрать указанные в механике предметы или записи, проверить локальную атрибуцию и права, подготовить подписанные иллюстрации. Механика — авторский замысел, ещё не реализована.",Общий обзор; нужен предмет,True,False
30.12,Новая вещь по старому приёму: традиция продолжается,"Как мастер сохраняет навык, меняя назначение изделия?",Сравнить исторический образец и подписанную современную работу одного промысла; отметить сохранённый приём.,"Кандидат по названному промыслу. Обзор Культура.РФ — исходный ориентир; конкретная вещь, автор, дата и частные технологические сведения требуют предметной проверки.",https://www.culture.ru/s/narodnye-promysly-rossii/,craft,Живое мастерство,У,Редакционное размещение; не историческая дата возникновения.,"Подобрать указанные в механике предметы или записи, проверить локальную атрибуцию и права, подготовить подписанные иллюстрации. Механика — авторский замысел, ещё не реализована.",Общий обзор; нужен предмет,True,False
31.12,Год семьи в двенадцати вещах,Какие предметы расскажут о прожитом годе без длинной хроники?,Выбрать по одной истории каждого месяца из календаря; собрать личный музейный маршрут с названиями и ссылками.,"Тема-кандидат в рамках экспозиции РЭМ о русских. Конкретный предмет, местность, дата и подтверждение частного сюжета ещё подбираются; обзор не заменяет предметную атрибуцию.",https://ethnomuseum.ru/exposition/permanent/russians/,R,Личный итог,У,Редакционное размещение; не историческая дата возникновения.,"Подобрать указанные в механике предметы или записи, проверить локальную атрибуцию и права, подготовить подписанные иллюстрации. Механика — авторский замысел, ещё не реализована.",Общий обзор; нужен предмет,True,False
