source_date,title,hook,mechanic,evidence,source_urls,boundary_note,editorial_dependency,assignment_status
03.01,"Железный цветок, который освещал вечер",У этого цветка горели три бутона. Зачем под него ставили корыто с водой?,Разместить лучины в зажимах цифровой модели светца и подставить корыто. Схема показывает свет и путь падающих угольков; посетитель раскрывает назначение деталей.,"Светец XVIII в., Государственный Русский музей. Три держателя лучин и установка в корыто описаны в карточке; место изготовления не названо.",https://ar.culture.ru/ru/subject/svetec-18,,Есть адрес предметной карточки; сверить содержание и медиа,Редакторское предложение; новая дата выпуска не назначена
04.01,Ухват: достать ужин из глубины печи,"Горшок раскалён, а ручек нет. Как поставить ужин на стол?",Подобрать ухват к форме чугунка и провести его по схеме печи. Неподходящий размер не удерживает посуду; правильный позволяет понять работу инструмента.,"Ухват, Вологодская губерния, вторая половина XIX в.; РЭМ. Карточка подтверждает назначение и применение разных размеров ухватов.",https://ar.culture.ru/ru/subject/uhvat-27,,Есть адрес предметной карточки; сверить содержание и медиа,Редакторское предложение; новая дата выпуска не назначена
05.01,"Валенок: обувь, которую не шьют","Ни подошвы, ни шва — а получился сапог. Что сделали с обычной шерстью?",Последовательно менять состояние шерсти в учебной модели валяния: рыхлое волокно превращается в плотную форму. Рядом открывается запись работы мастера.,Арзамасский уезд: валяльный промысел XIX в. и его музейная передача сегодня. Музейное описание подтверждает мокрое валяние; конкретная историческая пара пока не выбрана.,https://www.culture.ru/events/6386470/interaktivnoe-zanyatie-izgotovlenie-suvenirnogo-valenka,,Запись/альбом/описание; проверить локальность и пригодность,Редакторское предложение; новая дата выпуска не назначена
10.01,"Архангельская козуля: подарок, который можно съесть",Почему рождественское пожелание в Архангельске можно было подарить в виде пряника?,Сравнить объёмную фигурку и силуэтный пряник; собрать собственный силуэт по музейному образцу. В ответ открывается история перехода от одной формы выпечки к другой.,"Архангельск, северная традиция XIX–XX вв. Музей козули показывает воссозданные силуэтные образцы начала XX в.; зимняя приуроченность подтверждена музейной экскурсией.",https://www.culture.ru/institutes/88164/muzei-arkhangelskogo-pryanika-kozuli ; https://www.culture.ru/events/5182957/ekskursiya-arkhangelskaya-kozulya-tradicii-i-sovremennost,,Запись/альбом/описание; проверить локальность и пригодность,Редакторское предложение; новая дата выпуска не назначена
11.01,Сани-ходок: выйти в свет на полозьях,"Бархатное сиденье, бахрома, меховой полог. Зачем саням столько наряда?","Поворачивать цифровой вид саней, поочерёдно открывая сиденье, полозья и полог. Снарядить пассажира для зимней поездки и увидеть связь удобства и представительности.","Сани-ходок конца XIX — начала XX в.; собрание Музея Ф. М. Решетникова, Екатеринбург. Место изготовления в карточке не приведено; хранение не выдаётся за происхождение.",https://ar.culture.ru/ru/subject/hodok-starinnaya-povozka-na-polozyah,,Есть адрес предметной карточки; сверить содержание и медиа,Редакторское предложение; новая дата выпуска не назначена
12.01,Парень в картузе: мода пришла в деревню,"Кумачовая рубаха, жилет и картуз: что выдавало деревенского модника?","Сопоставить два атрибутированных мужских комплекта; включать слой покупных тканей и новых деталей. Увидеть, как торговля и городская мода меняли деревенский наряд.",Калужская губерния; костюм парня брачного возраста описан в альбоме РЭМ. Основной массив альбома: середина XIX — первая треть XX в.; датировки отдельных вещей уточнить.,https://collection.ethnomuseum.ru/entity/ARTICLE/2311,,Запись/альбом/описание; проверить локальность и пригодность,Редакторское предложение; новая дата выпуска не назначена
16.01,Коруна: крестьянская девушка в жемчужном венце,Драгоценный венец — у деревенской девушки. Как его делали и когда надевали?,"Раскрыть головной убор по слоям: основа, шитьё, украшения. При добавлении слоя меняется вид; посетитель понимает труд, скрытый за праздничным блеском.","Русские Заонежья и Пудожья; музей «Кижи» описывает коруну и местные названия «козырёк», «жемчуга». Для дня выбирается русский вариант, не весь многоэтничный ряд.",https://site.kizhi.karelia.ru/crafts/izgotovlenie-koronyi,,Запись/альбом/описание; проверить локальность и пригодность,Редакторское предложение; новая дата выпуска не назначена
20.01,"Прялка, на которой поместилась семья","Семья пьёт чай, рядом колокольня и двуглавый орёл. Зачем всё это вырезали на прялке?","Приближать резьбу и находить сцены; затем отойти к целому предмету. Посетитель соединяет рабочую вещь с миром её создателя, отделяя увиденное от догадки.","РЭМ 468-1: первая половина XIX в.; Новгородская губерния по документации, ярославско-костромской тип «терем». Вырезана из цельного куска дерева; жанровые сцены описаны музеем.",https://collection.ethnomuseum.ru/entity/OBJECT/303042,Главное действие исходника — наблюдение резьбы; отдельная история прядильщицы потребует другого рассказа.,Есть адрес предметной карточки; сверить содержание и медиа,Редакторское предложение; новая дата выпуска не назначена
21.01,Как из кудели появляется нить,Прялка стоит неподвижно. Что же на самом деле превращает волокно в нить?,Управлять вытягиванием пряди и вращением веретена в учебной анимации. По изменениям скрутки понять разные задачи прялки и веретена.,"Олонецкая губерния; «Кижи» описывают крепление кудели, вытягивание волокна и скручивание веретеном. Для русского сценария выбирается пример Заонежья.",https://site.kizhi.karelia.ru/crafts/pryadenie,,Запись/альбом/описание; проверить локальность и пригодность,Редакторское предложение; новая дата выпуска не назначена
22.01,Рубель: разгладить без горячего утюга,Эта ребристая доска не стирает. Как она расправляет жёсткое бельё?,Намотать виртуальную ткань на скалку и прокатить рубель. Анимация показывает действие рёбер и нажима; результат связывает форму вещи с трудом хозяйки.,"Рубель начала XX в., Музей Ф. М. Решетникова, Екатеринбург. Карточка описывает накручивание белья на скалку и прокатывание; точное место изготовления не указано.",https://ar.culture.ru/ru/subject/rubel-38,,Есть адрес предметной карточки; сверить содержание и медиа,Редакторское предложение; новая дата выпуска не назначена
23.01,Пояс: узор рождается между нитями,"Поднял дощечку, опустил — и нити поменялись местами. Как из этого получается пояс?","Поднимать и опускать бёрдышко, проводить челнок. На экране растёт короткий образец пояса; посетитель видит, как переплетение образует тканую полосу.","Русские Заонежья и Пудожья; «Кижи» прямо называют эти группы среди носителей ткачества на бёрдышке. Описаны отверстия, прорези и образование зева.",https://site.kizhi.karelia.ru/crafts/tkachestvo-poyasov-na-byordyishke,,Запись/альбом/описание; проверить локальность и пригодность,Редакторское предложение; новая дата выпуска не назначена
24.01,"Понёва: клетка, по которой различали наряды",Перед нами русские женские наряды — а привычного сарафана нет. Что рассказывает клетчатая понёва?,"Сопоставить комплексы двух названных сёл, открыть крой и клетку понёв. Сравнение показывает местные различия без игры в угадывание происхождения человека.",РЭМ: комплексы с понёвой из с. Нижняя Ведуга Воронежской губ. и с. Свинушки Рязанской губ. Альбом подтверждает местные различия; даты выбранных вещей уточнить.,https://collection.ethnomuseum.ru/entity/ARTICLE/2311,,Запись/альбом/описание; проверить локальность и пригодность,Редакторское предложение; новая дата выпуска не назначена
26.01,Самовар: горячая вода собирает гостей,"Вода окружает огонь, но не гасит его. Что спрятано внутри самовара?","Открыть разрез угольного самовара и проследить путь тепла к воде, затем перейти к сервировке. Устройство вещи связывается с совместным чаепитием.",Тула; музей «Тульские самовары» объясняет устройство настоящего угольного самовара через демонстрацию. Исторический экспонат и датировку для календаря ещё выбрать.,https://museum-tula.ru/muzei/muzej-samovar/afisha/14568/,,Запись/альбом/описание; проверить локальность и пригодность,Редакторское предложение; новая дата выпуска не назначена
27.01,Кужонка: корзина из берёзовой коры,"Кору сняли летом, а зимой из неё делают домашнюю утварь. Как ленты держатся без ткани?",Переплести берестяные ленты и поднять стенки виртуальной корзины. При изменении порядка лент меняется соединение; посетитель понимает устройство плетёной вещи.,"Русские Заонежья; «Кижи»: кужонки — распространённые корзины без ручек для муки, яиц и круп. Бересту заготавливали в начале лета, работу начинали после полевого сезона.",https://site.kizhi.karelia.ru/crafts/berestopletenie,,Запись/альбом/описание; проверить локальность и пригодность,Редакторское предложение; новая дата выпуска не назначена
28.01,Деревянный конь: игрушка выходит из полена,Несколько зарубок — и в куске дерева уже виден конь. Как мастер замечает его раньше нас?,"Снимать слои в цифровой заготовке, сверяясь с этапами работы резчика. Появляется силуэт игрушки; посетитель видит переход от общего объёма к детали.","Северная русская игрушка конца XIX — начала XX в. в репликах Д. Н. Москина, описанных музеем «Кижи». Современная копия не объявляется старинным оригиналом.",https://site.kizhi.karelia.ru/crafts/izgotovlenie-derevyannoj-igrushki,,Запись/альбом/описание; проверить локальность и пригодность,Редакторское предложение; новая дата выпуска не назначена
30.01,Семейский сундук: цветы среди зимы,"Снаружи мороз, а на сундуке цветут яркие букеты. Как роспись меняла домашний мир?","Рассмотреть местный образец, выделить палитру и повторяющиеся элементы, затем составить свою композицию. Сравнение показывает связь авторской работы с традицией.","Семейские Забайкалья, Тарбагатайский район. Дом ремёсел: занятие Ю. А. Пластининой по росписи сундуков, 2021 г. Исторический сундук для сопоставления пока не выбран.",https://www.culture.ru/events/1211708/starinnyi-sunduchok,,Запись/альбом/описание; проверить локальность и пригодность,Редакторское предложение; новая дата выпуска не назначена
31.01,От нити к половичку: мастерство продолжается,За месяц мы разобрали столько вещей. Сможешь теперь увидеть труд за обычной полоской ткани?,На образце полотняного переплетения провести несколько рядов и увидеть растущую полоску. Затем сравнить свой фрагмент с работой мастера и сохранить карточку открытия.,Музей «Кижи»: ткачество в быту Олонецкой губернии и современные демонстрации. Январь — редакционная дата знакомства: источник относит традиционное основное ткачество к Великому посту.,https://site.kizhi.karelia.ru/crafts/tkachestvo,,Запись/альбом/описание; проверить локальность и пригодность,Редакторское предложение; новая дата выпуска не назначена
01.02,Набойная доска: напечатать ткань вручную,Одна деревянная доска — а узором можно покрыть целый сарафан. Как?,"Поставить оттиск, сдвинуть доску и совместить повтор рисунка. При неверном шаге узор разрывается; при совпадении складывается полоса ткани.","Россия, XIX в.; Всероссийский музей декоративного искусства, набойная доска. Место точнее страны не указано; карточка объясняет печать по холсту.",https://ar.culture.ru/ru/subject/naboynaya-doska-3,,Есть адрес предметной карточки; сверить содержание и медиа,Редакторское предложение; новая дата выпуска не назначена
02.02,Калязинские коклюшки: как нити становятся кружевом,Десятки деревянных палочек — как не запутать нити?,Пошагово провести две пары нитей по одному элементу сколка; подсветка показывает возникшее переплетение. Затем открыть работу кружевницы и целое кружево.,"Коклюшки XIX в., Тверская губерния; Музей тверского быта. Обзор описывает зимний сезон работы калязинских мещанок.",https://ar.culture.ru/ru/subject/koklyushki-dlya-kruzhevopleteniya,,Есть адрес предметной карточки; сверить содержание и медиа,Редакторское предложение; новая дата выпуска не назначена
03.02,Понева из Парахина: клетка рассказывает о месте,Почему эту одежду узнают по клетке — и почему она не похожа на сарафан?,"Рассмотреть ткань, развернуть схему полотнищ и собрать распашную форму. Увидеть, что сообщает именно этот предмет; сравнение с другим селом — только по второй карточке.","Село Парахино, Касимовский уезд, конец XIX в.; Касимовский музей. Шерсть, бранное ткачество.",https://ar.culture.ru/ru/subject/poneva,,Есть адрес предметной карточки; сверить содержание и медиа,Редакторское предложение; новая дата выпуска не назначена
04.02,Рогатая кичка: что скрывается под нарядным верхом,Зачем в женском головном уборе твёрдые рога?,Снять и вернуть слои подписанной схемы убора; рядом меняются силуэт и пояснение назначения частей. Прочитать связь убора с положением замужней женщины.,"Рязанская губерния, вторая половина XIX в.; РЭМ. Карточка описывает рогатую вставку и верхнюю сороку.",https://ar.culture.ru/ru/subject/kichka-rogataya,,Есть адрес предметной карточки; сверить содержание и медиа,Редакторское предложение; новая дата выпуска не назначена
05.02,Швейка: деревянная помощница с иголкой,"Как шить двумя руками, если ткань всё время приходится держать?","Закрепить край ткани на схеме швейки. Переключение без фиксации / с фиксацией показывает, зачем нужен предмет; рядом — короткая демонстрация ручного шва.","Швейка середины XIX в.; Музейно-выставочный комплекс им. В. Ф. Мамонтова, экспозиция Урень-края. Место изготовления не указано.",https://ar.culture.ru/ru/subject/shveyka-15,,Есть адрес предметной карточки; сверить содержание и медиа,Редакторское предложение; новая дата выпуска не назначена
06.02,Зыбка из Лашина: первое место ребёнка в доме,"Почему колыбель висит, а не стоит на полу?","Проследить крепления на схеме, показать направление мягкого качания и положение люльки в комнате. Отдельно раскрыть семейные представления, связанные с вещью.","Деревня Лашино, Московская губерния, середина XIX в.; музей Железнодорожного. Лубяные борта, верёвки и ремни.",https://ar.culture.ru/ru/subject/kolybel-5,,Есть адрес предметной карточки; сверить содержание и медиа,Редакторское предложение; новая дата выпуска не назначена
07.02,Богородские кузнецы: медведь работает в паре с человеком,"Ни мотора, ни батарейки. Кто заставляет кузнецов стучать молотками?","Сдвигать две планки модели: персонажи поочерёдно ударяют молотками. Открыть соединения и понять, как резчик превратил наблюдение за трудом в игрушку.","Богородская деревянная игрушка «Кузнецы», конец XIX в., Русский музей, Д-286. Карточка объясняет устройство двух планок; указанную в ней губернию нужно сверить из-за расхождения с описанием места.",https://rusmuseumvrm.ru/data/collections/folk_art/d_286/,,Запись/альбом/описание; проверить локальность и пригодность,Редакторское предложение; новая дата выпуска не назначена
08.02,Рукомойник: вода из подвешенного горшка,Крана нет. Как вымыть руки и не вылить сразу всю воду?,"Наклонять схему сосуда: струя появляется из носика, затем прекращается. Расположить лохань и увидеть бытовую систему умывания.","Даниловский уезд Ярославской губернии, конец XIX в.; Музей им. П. К. Шарапова. Глиняный рукомойник с ушками для подвеса.",https://ar.culture.ru/ru/subject/rukomoynik-konec-xix-veka,,Есть адрес предметной карточки; сверить содержание и медиа,Редакторское предложение; новая дата выпуска не назначена
09.02,Коромысло: два ведра на одном плече,Почему два ведра могли быть удобнее одного?,Изменять условное наполнение двух вёдер. Схема равновесия показывает перекос и распределение нагрузки; перейти к фотографии предмета и рассказу о дороге за водой.,"Коромысло середины XX в., Россия; Ленский историко-краеведческий музей. Карточка подтверждает перенос вёдер; локальную историю владельца ещё найти.",https://ar.culture.ru/ru/subject/koromyslo-45,,Есть адрес предметной карточки; сверить содержание и медиа,Редакторское предложение; новая дата выпуска не назначена
10.02,Дежа: деревянный дом для будущего хлеба,Дощечки прижаты обручами — почему эта кадушка подходит для теста?,"Раскрыть дежу на клёпки и обручи, затем собрать её. Последовательность от замеса до подъёма теста объясняет назначение сосуда и работу бондаря.","Корочанский уезд Курской губернии, конец XIX в.; Корочанский музей. Деревянная дежа для приготовления теста.",https://ar.culture.ru/ru/subject/dezha-derevyannaya,,Есть адрес предметной карточки; сверить содержание и медиа,Редакторское предложение; новая дата выпуска не назначена
11.02,Ендова: большой сосуд для общей трапезы,У чаши широкий бок и слив. Как из неё угощали целую компанию?,"Рассмотреть край, слив и поверхность; построить предметную цепочку большой сосуд → малая посуда → гости. Открыть материал и следы изготовления.","Ендова XVI–XVII вв., Брянский краеведческий музей; красная медь и латунь, ковка, пайка, лужение. Место изготовления не указано.",https://ar.culture.ru/ru/subject/endova,,Есть адрес предметной карточки; сверить содержание и медиа,Редакторское предложение; новая дата выпуска не назначена
12.02,"Маслобойка Арины Жук: вещь, пережившая десятилетия",Этой кадушкой пользовалась одна семья больше полувека. Что происходило внутри?,Двигать мутовку в схеме разреза; по этапам открываются изменения сливок. Рядом развернуть документированную историю семьи и долгой службы вещи.,"Стародубский район Брянской области, середина XX в.; Унечский музей. Маслобойка семьи Арины Семёновны Жук из деревни Покослово.",https://ar.culture.ru/ru/subject/masloboyka-85,,Есть адрес предметной карточки; сверить содержание и медиа,Редакторское предложение; новая дата выпуска не назначена
13.02,Весы: как покупатель видел честную меру,Товар положили на чашу. Что должно появиться на другой стороне?,"Уравновесить товар подписанными гирями, затем рассмотреть клеймо на отдельном атрибутированном образце. Понять разницу между договорной мерой и проверенной.","Настольные весы конца XIX — начала XX в., изготовлены в Западной Европе; Санкт-Петербургский музей Хлеба. Включены как вещь бытового музейного контекста, не русское изобретение.",https://ar.culture.ru/ru/subject/vesy-3,,Есть адрес предметной карточки; сверить содержание и медиа,Редакторское предложение; новая дата выпуска не назначена
16.02,Пять килограммов пряника: городецкие стерлядки,"Зачем вырезать рыб на доске, с которой получается огромный пряник?","Показать доску и вычисленный зеркальный оттиск, приблизить пару рыб. Переключить форму и результат: труд резчика превращается в съедобный подарок.","Г. И. Бахарев, Городец, 1930-е гг.; Городецкий музейный комплекс. Доска со стерлядками, по карточке — для пятикилограммового пряника; поступила в 2010 г. с производства.",https://ar.culture.ru/ru/subject/doska-shtuchnaya-sterlyadki,,Есть адрес предметной карточки; сверить содержание и медиа,Редакторское предложение; новая дата выпуска не назначена
17.02,Коробейник: магазин приходит в деревню,"Ленты, иголки, пуговицы — как целая лавка помещалась на плечах?","Разложить документированные виды мелкого товара в условный короб и связать их с домашними занятиями. Посетитель открывает, как деревня получала покупные вещи.","Музейный обзор Белгородского музея народной культуры. «Коробейник» Г. В. Новикова — настенная роспись 2019 г., современное изображение прошлого.",https://ar.culture.ru/ru/subject/korobeynik,,Есть адрес предметной карточки; сверить содержание и медиа,Редакторское предложение; новая дата выпуска не назначена
22.02,Поддужный колокольчик: услышать дорогу,"Лошадей ещё не видно, а об их приближении уже знают. Откуда идёт звон?","Найти место колокольчика под дугой, раскрыть язык и корпус. Сравнить подписанные записи двух образцов; без звука доступны схема и текст.","Ишимский музей: колокольчик конца XIX — начала XX в., отлит братьями Трошиными в селе Пурих Нижегородского края.",https://ar.culture.ru/ru/subject/podduzhnyy-kolokolchik-5,,Есть адрес предметной карточки; сверить содержание и медиа,Редакторское предложение; новая дата выпуска не назначена
23.02,Дуга Ивана Осокина: имя на конской упряжи,Зачем крестьянин оставил своё имя на дуге?,"Приблизить надпись, восстановить чтение по музейной расшифровке и найти место вещи в упряжи. Увидеть связь полезной конструкции, украшения и хозяйской гордости.","Русский музей, Северная Двина, 1886 г. На ребре дуги указаны дата и владелец Иван Тимофеев Осокин.",https://ar.culture.ru/ru/subject/duga-1,,Есть адрес предметной карточки; сверить содержание и медиа,Редакторское предложение; новая дата выпуска не назначена
25.02,Сеть готовят зимой: узел для будущей рыбалки,Озеро подо льдом — зачем сейчас работать над летними снастями?,Провести нить по одному сетному узлу и повторить ряд через мерку. Меняется размер ячеи; схема связывается с записью рук мастера.,Кижи: вязание сетей и рыболовство Заонежья. Исторический обзор подтверждает зимнее изготовление снастей самими рыбаками.,https://site.kizhi.karelia.ru/crafts/vyazanie-setej ; https://site.kizhi.karelia.ru/library/traditsionnaya-kultura-russkih-zaonezhya-spravochno-metodicheskoe-posobie-dlya-eksku/746.html,,Запись/альбом/описание; проверить локальность и пригодность,Редакторское предложение; новая дата выпуска не назначена
27.02,Лодка-кижанка: словарь мастера на воде,Что мастер называет кокорой — и где её искать в лодке?,"Сопоставить три местных названия с деталями подписанного чертежа. При выборе детали открываются её форма и место в конструкции, затем — лодка целиком.","Исследование «Лодка-кижанка», Кижский вестник, выпуск 13: местная конструкция и терминология. Экземпляр для будущей страницы пока не выбран.",https://site.kizhi.karelia.ru/library/kizhskij-vestnik-vyipusk-13-sbornik-statej/1089.html,,Запись/альбом/описание; проверить локальность и пригодность,Редакторское предложение; новая дата выпуска не назначена
28.02,Кружево продолжается: пелерина Любови Верещагиной,Как ремесло становится личным открытием человека нашего времени?,Сопоставить инструмент кружевницы и фрагмент авторской пелерины; раскрыть путь мастерицы к ремеслу. Сохранить карточку с одной выбранной деталью и собственным наблюдением.,"Пелерина Л. Н. Верещагиной, 2000 г.; Музейный центр «Гамаюн». Любовь Верещагина ранее работала оператором микросварки; карточка рассказывает о её пути к кружеву.",https://ar.culture.ru/ru/subject/pelerina,,Есть адрес предметной карточки; сверить содержание и медиа,Редакторское предложение; новая дата выпуска не назначена
01.03,"Лоскутное одеяло: красота из того, что осталось","Можно ли из обрезков сшить вещь, которую будут беречь десятилетиями?","Сложить один блок из лоскутов по рисунку музейного одеяла; поворот детали меняет общий узор. Открыть целую вещь и увидеть, как бережливость становится мастерством.","Станица Гиагинская, 1960-е гг.; Гиагинский районный краеведческий музей, экспозиция «Казачья комната». Русская бытовая традиция Кубани; происхождение каждого лоскута неизвестно.",https://ar.culture.ru/ru/subject/odeyalo-loskutnoe-2,,Есть адрес предметной карточки; сверить содержание и медиа,Редакторское предложение; новая дата выпуска не назначена
02.03,Трепало: деревянный клинок для будущей рубахи,"Зачем бить стебли деревянной лопаткой, если из них хотят получить мягкую ткань?","Провести трепалом по схеме подготовленного льна: кострика отделяется, волокна остаются. Сравнить материал до и после, понять назначение операции.","Трепало конца XIX в., Исетский музей им. А. Л. Емельянова. Музей связывает предмет мечевидной формы с семьёй старообрядцев Исетского района; версия о подарке невесте — предположение.",https://ar.culture.ru/ru/subject/trepalo-4,,Есть адрес предметной карточки; сверить содержание и медиа,Редакторское предложение; новая дата выпуска не назначена
03.03,Чесало: семь рядов зубьев ради тонкой нити,"Как из одного пучка получались и грубая верёвка, и тонкое полотно?","Пропустить виртуальный пучок через зубья; отдельно показать длинное волокно и очёс. Сопоставить с будущими изделиями, не задавая выдуманных процентов выхода.","Конец XIX в., Новокузнецкий краеведческий музей. Доска с семью рядами кованых зубьев. Изготовление в европейской части России — музейная гипотеза; точное место неизвестно.",https://ar.culture.ru/ru/subject/chesalo-dlya-lna,,Есть адрес предметной карточки; сверить содержание и медиа,Редакторское предложение; новая дата выпуска не назначена
04.03,Мотовило из Бурдиной: сосчитать нить без рулетки,"Как хозяйка понимала, хватит ли пряжи на целый холст?",Намотать несколько оборотов на схему мотовила; счётчик считает обороты. Затем открыть объяснение местного счёта нитей и будущей длины ткани.,"Деревня Бурдина, нынешний Абатский район Тюменской области; конец XIX — начало XX вв.; КДО «Исток». Музей описывает перемотку и первоначальный учёт пряжи.",https://ar.culture.ru/ru/subject/motovilo-2,,Есть адрес предметной карточки; сверить содержание и медиа,Редакторское предложение; новая дата выпуска не назначена
05.03,Кросна на Устье: почему станку нужны педали,Нога нажала — между сотнями нитей появилась дорога. Как?,"Нажать две подножки по очереди: чётные и нечётные нити меняются местами, открывая зев. Посетитель видит, как ткачиха управляет основой.","Начало XX в.; Устьянский краеведческий музей. Карточка подробно описывает местные названия частей, подножки и ниченицы.",https://ar.culture.ru/ru/subject/tkackiy-stanok-1,,Есть адрес предметной карточки; сверить содержание и медиа,Редакторское предложение; новая дата выпуска не назначена
06.03,"Ангарский челнок: лодочка, которая возит нить",Почему ткацкий инструмент похож на маленькую лодку?,"Открыть полость челнока и путь нити, провести его сквозь подготовленный зев. Увидеть, как катушка отдаёт уток, пока челнок пересекает основу.","XIX в., п. Мотыгино, Удерейский район — так указано в карточке Мотыгинского музея; экспозиция «Ангарская изба». Точное историческое административное название требует уточнения.",https://ar.culture.ru/ru/subject/tkackiy-chelnok-1,,Есть адрес предметной карточки; сверить содержание и медиа,Редакторское предложение; новая дата выпуска не назначена
07.03,Марк Шабалин: швейная машина из дерева,Увидел фабричную машину — и вырезал свою. Разве так можно?,Приблизить деревянные детали и сопоставить их с функциями механизма. Выбрать путь движения от колеса к игле; после выбора открывается объяснение мастерства Шабалина.,"Марк Шабалин, 1888 г.; Государственный исторический музей Южного Урала. Музей связывает изготовление с восемнадцатилетним крестьянином Вятской губернии; материалы в шапке — дерево и металл.",https://ar.culture.ru/ru/subject/shveynaya-mashina-2,,Есть адрес предметной карточки; сверить содержание и медиа,Редакторское предложение; новая дата выпуска не назначена
09.03,Угольный утюг: маленькая топка на столе,"Зачем утюгу отверстия, если гладить должна его подошва?",Открыть условный разрез и проследить движение воздуха к углям. Сопоставить нагрев изнутри с январским рубелем и увидеть изменение домашнего труда.,"Первая половина XX в., Западная Сибирь, СССР; Музей истории города Урай. Угольный утюг, литьё.",https://ar.culture.ru/ru/subject/utyug-8,,Есть адрес предметной карточки; сверить содержание и медиа,Редакторское предложение; новая дата выпуска не назначена
10.03,Тверское полотенце: вещь встречает важные дни семьи,"Почему нарядное полотенце берегли для событий, а не только для умывания?",Рассмотреть концы полотенца и расположить его на подписанных схемах двух обрядовых ситуаций. Пояснение раскрывает роль вещи в семейной жизни.,"Тверская губерния, конец XIX — начало XX в.; Музей тверского быта. Домотканое полотно, ситец, кружево, вышивка. Музей описывает бытовые и обрядовые функции полотенец.",https://ar.culture.ru/ru/subject/polotence-obryadovoe,,Есть адрес предметной карточки; сверить содержание и медиа,Редакторское предложение; новая дата выпуска не назначена
11.03,"Солоница-утица: птица, которая хранит соль",Где у деревянной утки спряталась крышка?,"Сдвинуть верх спинки на схеме, открыть полость и вернуть крышку. Рассмотреть, как мастер совместил узнаваемую птицу с удобным сосудом.","XIX в., Российская империя; музей «Русская старина», Смоленск. Дерево, долбление и резьба; музей описывает сдвижную крышку. Точное место изготовления не указано.",https://ar.culture.ru/ru/subject/solonica-1,,Есть адрес предметной карточки; сверить содержание и медиа,Редакторское предложение; новая дата выпуска не назначена
12.03,Туес: сосуд с двумя берестяными стенками,Как берёзовая кора превращается в посуду для питья?,"Раздвинуть слои схемы: сколотень, наружная рубашка, дно и крышка. Собрать обратно и проследить, где остаётся цельная внутренняя стенка.",Начало XX в.; Голышмановский краеведческий музей. Береста и дерево; точное место изготовления не указано. Обзор описывает конструкцию туесов в русском быту.,https://ar.culture.ru/ru/subject/tues-28,,Есть адрес предметной карточки; сверить содержание и медиа,Редакторское предложение; новая дата выпуска не назначена
13.03,"Крынка из Уразова: горло, за которое удобно держать",Почему у этого молочного сосуда нет ручки?,"Совместить контур руки со сужением крынки, затем открыть разрез сосуда. Увидеть, как форма помогает держать и обслуживать повседневную посуду.","Слобода Уразово, конец XIX в.; Уразовский краеведческий музей. Гончарная работа; карточка подтверждает местное изготовление и применение для молока.",https://ar.culture.ru/ru/subject/krynka-26,,Есть адрес предметной карточки; сверить содержание и медиа,Редакторское предложение; новая дата выпуска не назначена
15.03,Ступа: крупа начинается с тяжёлого песта,"Что делали со ступой в настоящем доме, пока Баба-яга летала в сказке?","На схеме разделить зерно, оболочку и результат толчения. Затем рассмотреть толстое основание ступы и объяснить, зачем ей устойчивость.","Конец XIX — начало XX в., Архангельская область — в современной географии карточки; «Выставочные залы Москвы», «Протомузей». Ступа выдолблена из цельного комля берёзы.",https://ar.culture.ru/ru/subject/stupa-s-pestom-15,,Есть адрес предметной карточки; сверить содержание и медиа,Редакторское предложение; новая дата выпуска не назначена
16.03,Ручные жернова: мука между двумя камнями,"Куда исчезает зерно, которое насыпали в середину?",Повернуть верхний жернов учебной модели; разрез показывает путь зерна от отверстия к краю. Сравнить помол с толчением в ступе.,"1930 г., СССР; Верхнепышминский исторический музей. Гранитные ручные жернова. Место изготовления точнее страны не указано.",https://ar.culture.ru/ru/subject/zhernova-28,,Есть адрес предметной карточки; сверить содержание и медиа,Редакторское предложение; новая дата выпуска не назначена
18.03,Решето из Заузолья: размер дырочек меняет результат,Почему одной сеткой нельзя одинаково просеять всё?,"Сопоставить две учебные сетки с разными ячейками и одну смесь условных частиц. Увидеть, что проходит вниз, а что остаётся сверху; открыть реальное лыковое решето.","Первая половина XX в.; МВЦ «Отчина», экспозиция «Быт крестьян Заузолья». Деревянный обод и плетёное полотно; музей отличает решето от более мелкого сита.",https://ar.culture.ru/ru/subject/resheto-6,,Есть адрес предметной карточки; сверить содержание и медиа,Редакторское предложение; новая дата выпуска не назначена
19.03,"Грифельная доска: тетрадь, которую можно стереть","Как учиться письму, если новая страница не нужна?","Написать слово на цифровом поле, стереть его и решить короткую задачу. Рядом остаётся музейная доска и объяснение, почему сланец служил школьной принадлежностью.","Начало XX в., Российская империя; Нижнеломовский краеведческий музей. Сланец в деревянной раме, 25 × 18 см.",https://ar.culture.ru/ru/subject/doska-grifelnaya,,Есть адрес предметной карточки; сверить содержание и медиа,Редакторское предложение; новая дата выпуска не назначена
20.03,Скобель северного плотника: нож с двумя ручками,Зачем держать один нож сразу двумя руками?,Проследить направление рабочего движения на схеме заготовки. Поочерёдно открыть кору и очищенную поверхность; увидеть назначение широкого лезвия.,"Первая половина XX в.; Северный морской музей, Архангельск. Металл и дерево; инструмент из экспозиции северного мореплавания. Конкретный мастер и место изготовления не указаны.",https://ar.culture.ru/ru/subject/skobel-2,,Есть адрес предметной карточки; сверить содержание и медиа,Редакторское предложение; новая дата выпуска не назначена
21.03,Абашевская барыня: маленькая скульптура со свистом,Как внутри нарядной глиняной фигуры помещается музыкальный инструмент?,"Повернуть изображение и найти свистковый канал, затем открыть подписанную схему его работы. Прослушать запись аналогичного инструмента, указав исполнителя и образец.","Начало XXI в., село Абашево, Пензенская область; Туапсинский музей им. Н. Г. Полетаева. Глина, лепка, обжиг, роспись; игрушка «Барыня».",https://ar.culture.ru/ru/subject/igrushka-abashevskaya-barynya-svistulka,,Есть адрес предметной карточки; сверить содержание и медиа,Редакторское предложение; новая дата выпуска не назначена
23.03,Лапти 1933 года: обувь из переплетённых полос,Как плоские полоски лыка огибают человеческую стопу?,"Сложить один участок косого плетения, затем увидеть его место в целом лапте. Добавить на схему онучи и оборы и понять, что обувь была частью комплекта.","1933 г., Шабалинский район; Шабалинский краеведческий музей. Лыко, плетение. Музей описывает косую решётку русских лаптей и способы ношения.",https://ar.culture.ru/ru/subject/lapti-1,,Есть адрес предметной карточки; сверить содержание и медиа,Редакторское предложение; новая дата выпуска не назначена
24.03,Кузнецкий поршень: кожаная обувь без сапожного голенища,Как кусок кожи превращается в обувь?,"Сопоставить сохранившуюся обувь с подписанной развёрткой выбранного типа. Стянуть край модели и увидеть, где образуется объём для стопы.","XVII в., Россия; музей-заповедник «Кузнецкая крепость». Карточка описывает поршень и находки сапожных инструментов в Кузнецке.",https://ar.culture.ru/ru/subject/porshen,,Есть адрес предметной карточки; сверить содержание и медиа,Редакторское предложение; новая дата выпуска не назначена
25.03,Сошник из Мариинска: железо на конце деревянной сохи,Почему от старого орудия в музее могла остаться только железная часть?,"Поместить сошник на подписанную реконструкцию сохи. Увидеть, какая часть соприкасается с почвой и почему деревянная основа сохраняется хуже металла.",Начало XVIII в.; Музей истории города Мариинска. Металлический сошник; описание связано с земледелием русских переселенцев в Сибири.,https://ar.culture.ru/ru/subject/nakonechnik-rogatiny-1,,Есть адрес предметной карточки; сверить содержание и медиа,Редакторское предложение; новая дата выпуска не назначена
26.03,Игрушечная борона: хозяйство в детском масштабе,Зачем ребёнку уменьшенная копия сельского орудия?,"Сопоставить миниатюру с подписанной схемой полноразмерной бороны, найти совпадающие части. После сравнения обсудить, как дети знакомились с трудом взрослых.","Кунсткамера: «Борона игрушечная», русские; Архангельская губерния, Печорский уезд, вторая половина XIX в., карточка OBJECT/299241. Атрибуция доступна в индексируемом описании; полное открытие карточки при проверке остановлено ошибкой сертификата.",https://collection.kunstkamera.ru/entity/OBJECT/299241?fund=22&index=15,,Есть адрес предметной карточки; сверить содержание и медиа,Редакторское предложение; новая дата выпуска не назначена
27.03,Севалка: зерно несут навстречу будущему хлебу,Как пройти поле и не оставить пустую полосу?,"На учебной схеме разметить пройденные полосы вешками, затем пройти с севалкой. Подсветка показывает пропуски и перекрытия; рядом — рассказ об опыте сеятеля.",XIX — начало XX в.; Вичугский городской музей. Севалка для ручного сева; музей описывает вешки и участие детей в разметке.,https://ar.culture.ru/ru/subject/sevalka-1,,Есть адрес предметной карточки; сверить содержание и медиа,Редакторское предложение; новая дата выпуска не назначена
28.03,Бочонок: доски держат воду без гвоздей,Что удерживает вместе десятки отдельных деревянных частей?,Подобрать клёпки по форме и надеть обручи на схему. Разрез показывает плотное соединение боковин и дна; посетитель объясняет роль обруча.,"Исетский музей им. А. Л. Емельянова. Деревянный бочонок; в шапке карточки конец XIX в., в тексте начало XX в. Для календаря — рубеж XIX–XX вв.; расхождение требует уточнения.",https://ar.culture.ru/ru/subject/bochonok-6,,Есть адрес предметной карточки; сверить содержание и медиа,Редакторское предложение; новая дата выпуска не назначена
29.03,Сердобские ходики: домашнее время на цепочке,"Что заставляет часы идти, когда в них нет батарейки?","На схеме поднять гирю и проследить передачу движения к механизму. Сопоставить циферблат с семейным распорядком, увидеть место часов в доме.","1947 г., Сердобский часовой завод; Историко-краеведческий музей Сердобска. Настенные маятниковые гиревые часы.",https://ar.culture.ru/ru/subject/chasy-nastennye-mayatnikovye-girevye,,Есть адрес предметной карточки; сверить содержание и медиа,Редакторское предложение; новая дата выпуска не назначена
31.03,Александр Шутихин: узор вдавлен в бересту,"Как украсить бересту рисунком, не рисуя по ней кистью?","Выбрать два чекана и поставить оттиски на условной берестяной полосе. Сопоставить с работой Шутихина: рисунок возникает от давления и повторения, а затем помогает прочитать руку мастера.","Александр Владимирович Шутихин, Котлас; работает с берестой с 1991 г. Описание Центра русского фольклора на Культура.РФ, этнос — русские; объяснены инструменты и тиснение.",https://www.culture.ru/objects/2975/tvorcheskoe-nasledie-berestyanshika-aleksandra-vladimirovicha-shutikhina-iz-goroda-kotlas-arkhangelskoi-oblasti,,Запись/альбом/описание; проверить локальность и пригодность,Редакторское предложение; новая дата выпуска не назначена
01.04,Валёк: почему бельё приходилось колотить,Этой деревянной лопаткой не готовили еду. Что она делала у воды?,"На схеме показать движение валька по мокрому белью и посмотреть, как из ткани выходит вода. Сравнить с январским рубелем: похожие вещи решали разные задачи.","Валёк XIX века, дерево с резьбой; Гороховецкий историко-архитектурный музей, Владимирская область. Назначение — стирка и полоскание; мастер не указан.",https://ar.culture.ru/ru/subject/valyok-12,,Есть адрес предметной карточки; сверить содержание и медиа,Редакторское предложение; новая дата выпуска не назначена
02.04,Степан Хомутин: стиральная доска с именем мастера,Почему у обыкновенной стиральной доски есть автор?,"Провести условную ткань по гладкой и ребристой поверхностям; увидеть разницу контакта. Открыть цепочку «мастер — человек, сохранивший вещь — музей».","Степан Титович Хомутин, 1961 г.; Коченёвский краеведческий музей, Новосибирская область. Передана Людмилой Николаевной Носковой из рабочего посёлка Коченёво.",https://ar.culture.ru/ru/subject/doska-stiralnaya-3,,Есть адрес предметной карточки; сверить содержание и медиа,Редакторское предложение; новая дата выпуска не назначена
03.04,Архангельское корыто: сосуд внутри бревна,"Как получить большую ёмкость, если нет ни досок, ни обручей?","Убирать слои с условной половины бревна, сохраняя стенки и дно. Сопоставить долблёную конструкцию с мартовским бочонком, собранным из частей.","Архангельская область, XIX — начало XX в.; 20 × 29 × 82 см, собрание объединения «Выставочные залы Москвы». Музей описывает разные назначения корыт; назначение именно этого экземпляра не уточнено.",https://ar.culture.ru/ru/subject/koryto-19,,Есть адрес предметной карточки; сверить содержание и медиа,Редакторское предложение; новая дата выпуска не назначена
04.04,Керосиновая лампа: вечер зависит от фитиля,Как одним маленьким колёсиком сделать комнату светлее?,"Повернуть регулятор на условной схеме: фитиль поднимается и меняется пламя. Затем найти резервуар и стекло на музейной вещи, понять ежедневный уход за светом.","1930-е гг., СССР; Мурманский областной краеведческий музей, экспозиция «Поморы». В описании несколько ламп; сведения о московском заводе и Кандалакше относятся к отдельно описанному экземпляру.",https://ar.culture.ru/ru/subject/kerosinovaya-lampa-7,,Есть адрес предметной карточки; сверить содержание и медиа,Редакторское предложение; новая дата выпуска не назначена
06.04,Корочанская пасочница: рисунок спрятан внутри,"Зачем украшать ту сторону деревянной формы, которую никто не видит?",Собрать четыре стенки и посмотреть условный отпечаток. Разобрать форму: внутренний резной рисунок становится наружным украшением творожной пасхи.,"Начало XX в., Корочанский уезд Курской губернии; Корочанский историко-краеведческий музей. Липовая форма из четырёх дощечек, 14 × 23 × 23,2 см.",https://ar.culture.ru/ru/subject/pasochnica-derevyannaya-syrnica,,Есть адрес предметной карточки; сверить содержание и медиа,Редакторское предложение; новая дата выпуска не назначена
11.04,Сахароколка Бажовых: сладость подают кусочками,Зачем к чаепитию понадобились кусачки с маленьким поддоном?,"На схеме расколоть условный кусок сахара и увидеть, куда падают крошки. Перейти к семейному правилу Бажовых — сначала напоить гостя чаем.","Мемориальный дом-музей П. П. Бажова, Екатеринбург. Этикетка: конец XIX в.; описание уточняет, что точные время и завод неизвестны, уральское происхождение передаётся в семейных воспоминаниях.",https://ar.culture.ru/ru/subject/saharokolka,,Есть адрес предметной карточки; сверить содержание и медиа,Редакторское предложение; новая дата выпуска не назначена
13.04,Городецкая кофемолка: чего не хватает в деревянном кубе,"Куда делся кофе, если зёрна засыпали сверху?",Проследить путь зерна на схеме и выбрать место для приёмного ящичка. Включить условное восстановление утраченной детали рядом с подлинным видом вещи.,Первая половина XX в.; Городецкий музейный комплекс. Подарена Т. В. Дмитриевой из Нижнего Новгорода. На корпусе клеймо ВСНХ; ящик для молотого кофе не сохранился.,https://ar.culture.ru/ru/subject/kofemolka-12,,Есть адрес предметной карточки; сверить содержание и медиа,Редакторское предложение; новая дата выпуска не назначена
14.04,Вафельница Рыбкиных: семейная память между створками,Почему тяжёлую чугунную вещь помнят по тарелке вафель?,Развести створки на схеме и сравнить их поверхность с отпечатком выпечки. Открыть историю передачи вещи в музей и отделить её от общих сведений о вафлях.,"Ленский историко-краеведческий музей; дар Валерьяна Гавриловича Рыбкина. Карточка датирует первую половину XX в., место обозначает «Российская империя» — точные год и завод не установлены.",https://ar.culture.ru/ru/subject/vafelnica-2,,Есть адрес предметной карточки; сверить содержание и медиа,Редакторское предложение; новая дата выпуска не назначена
15.04,Дорожная чернильница: письмо начинается с маленькой крышки,"Как везти чернила с собой, когда ручку ещё надо обмакивать?","Рассмотреть крышку и внутренний сосуд, затем уложить условный набор для письма в дорогу. Каждый выбор показывает, какая вещь нужна для чернил, пера и бумаги.",Латунная дорожная чернильница XVIII в.; Ишимский музей им. П. П. Ершова. Музей сообщает о её использовании в одном из домов села Готопутово бывшего Ишимского уезда.,https://ar.culture.ru/ru/subject/chernilnica,,Есть адрес предметной карточки; сверить содержание и медиа,Редакторское предложение; новая дата выпуска не назначена
17.04,"Телефон из Берикуль: чтобы позвать, крутили ручку","Что делали с телефоном, у которого нет привычного набора номера?","Повернуть ручку индуктора на схеме и проследить путь вызова. Открыть историю аппарата, переданного местным жителем в музей.","Телефон ТАУ-1-МБ, Пермь, 1958 г.; Тисульский историко-краеведческий музей. Дар Александра Альбертовича Гафта, жителя посёлка Берикуль. Где именно аппарат работал, карточка не устанавливает.",https://ar.culture.ru/ru/subject/telefon-14,,Есть адрес предметной карточки; сверить содержание и медиа,Редакторское предложение; новая дата выпуска не назначена
18.04,Шабалинский пестерь: береста за плечами,"Как освободить руки, когда несёшь всё нужное через лес?","Разместить условную поклажу в силуэте пестеря и включить вид сзади. Увидеть, как заплечная переноска отличается от ручной корзины и мартовского туеса.","XIX в., Шабалинский район; Шабалинский краеведческий музей, берестяное плетение, 60 × 47 × 27 см. Имя мастера и владельца не указаны.",https://ar.culture.ru/ru/subject/pester-1,,Есть адрес предметной карточки; сверить содержание и медиа,Редакторское предложение; новая дата выпуска не назначена
19.04,Вичугские грабли: каждый зуб работает рядом с другим,Почему много деревянных пальцев делают работу быстрее одного?,Провести условные грабли по схеме рыхлой земли: зубья собирают растительные остатки и разбивают комки. Разобрать соединение зубьев с колодкой.,"Вичугский городской музей, Ивановская область; в групповой карточке предмет № 1 — грабли конца XVIII — начала XIX в., дерево, 167 × 51 × 10 см.",https://ar.culture.ru/ru/subject/orudiya-grabli-vily-cep-kryuk-kochedyk,,Есть адрес предметной карточки; сверить содержание и медиа,Редакторское предложение; новая дата выпуска не назначена
20.04,Гиагинский хомут: почему упряжь не просто ремень,Как передать усилие лошади повозке и распределить контакт с телом?,"На упрощённой схеме соединить хомут с остальными частями упряжи. Подсветить путь усилия и места прилегания, затем рассмотреть музейную конструкцию.","1920-е гг., станица Гиагинская; Гиагинский районный краеведческий музей, экспозиция «Казачья комната». Дерево, кожа, 60 × 33 см.",https://ar.culture.ru/ru/subject/homut-2,,Есть адрес предметной карточки; сверить содержание и медиа,Редакторское предложение; новая дата выпуска не назначена
21.04,Бить баклуши: вернуть выражение в мастерскую,Почему работа с деревом стала выражением о безделье?,"Поставить рядом значение из словаря и условную заготовку ложки. Убирать лишнее дерево до грубой болванки; открыть, что подготовка материала — лишь часть работы.","В. И. Даль, словарная статья «Баклан»: значение «баклуша» помечено костромским и нижегородским употреблением. Источник XIX в., современная электронная публикация; это языковое свидетельство, не музейный экспонат.",https://www.culture.ru/lectures/dictionaries/49422/baklan,,Запись/альбом/описание; проверить локальность и пригодность,Редакторское предложение; новая дата выпуска не назначена
22.04,Погарская колодка: сапог начинается с деревянной ноги,"Почему сапожнику нужна ещё одна нога, кроме ноги заказчика?","Примерить условную кожаную заготовку к колодке; увидеть, как форма держит будущий сапог. Открыть торговые связи погарских мастерских.","Начало XX в., Погар; музей «Радогощ», дерево, 30 × 9 см. Источник связывает ремесло с рынками Великороссии и Малороссии, отмечает местное слово «шавец». Сюжет о культурных связях пограничья; этничность мастера не установлена.",https://ar.culture.ru/ru/subject/sapozhnaya-kolodka,,Есть адрес предметной карточки; сверить содержание и медиа,Редакторское предложение; новая дата выпуска не назначена
23.04,Рожок Ф. Ровняка: голос пастуха становится музыкой,Может ли рабочий сигнал превратиться в мелодию для гулянья?,Прослушать подписанные примеры сигнала и наигрыша; отметить разницу ритма. Рассмотреть отверстия рожка и связь инструмента с пастушеским трудом.,"Ф. Ровняк, 1916 г., Митрофаново; Музей музыки, можжевельник, 63,8 см. Регион в карточке дан как «Ивановская область, Селивановский район»; историческую географию надо уточнить.",https://ar.culture.ru/ru/subject/rozhok-pastushiy,,Есть адрес предметной карточки; сверить содержание и медиа,Редакторское предложение; новая дата выпуска не назначена
24.04,Касимовка: у города есть свой звуковой порядок,Почему привычному гармонисту бывает трудно сыграть на другой гармони?,"Сравнить два проверенных коротких звукоряда и движение меха. На схеме увидеть, что одинаковый жест на разных системах может давать разные звуки.","XIX в., Касимовский уезд; Касимовский историко-культурный музей-заповедник. Двухрядная гармонь-касимовка, 35 × 34 × 17 см; музей описывает местные особенности звукоряда.",https://ar.culture.ru/ru/subject/garmon,,Есть адрес предметной карточки; сверить содержание и медиа,Редакторское предложение; новая дата выпуска не назначена
25.04,Балалайка Налимова: три струны выходят на сцену,"Что должен сделать мастер, чтобы знакомый инструмент зазвучал в оркестре?","Рассмотреть корпус и три струны, включить подписанные образцы приёмов игры. Переключить сольное звучание и ансамбль, проследить путь инструмента из быта на сцену.","Семён Иванович Налимов, 1902 г.; село Марьино-Андреевское Тверской губернии, Музей музыки. Ель, клён, чёрное дерево, перламутр, лак, металл.",https://ar.culture.ru/ru/subject/balalayka-prima-1,,Есть адрес предметной карточки; сверить содержание и медиа,Редакторское предложение; новая дата выпуска не назначена
28.04,Невьянские биты: заводское мастерство в детской игре,Почему детская игровая бита отлита из чугуна и украшена?,"Приблизить рисунок на подлинной бите; затем выбрать направление одного условного броска по расставленным бабкам. Узнать, как мастерство заводского города входило в досуг.","1858 г.; чугунные биты невьянских мастеров, Музей истории Невьянского края. Кто именно их изготовил и для кого, не установлено; семейные связи в карточке даны как предположение.",https://ar.culture.ru/ru/subject/bity-dlya-igry-v-babki,Исходник связывает рисунок биты с мастерством заводского города; правила игры — возможная связь со вторым музеем.,Есть адрес предметной карточки; сверить содержание и медиа,Редакторское предложение; новая дата выпуска не назначена
29.04,Патефон «Молот»: танцы помещаются в чемодан,"Как устроить музыкальный вечер там, где нет розетки?","Завести условную пружину, положить пластинку и проследить путь звука к встроенному рупору. Затем открыть, как переносной аппарат собирал людей вокруг музыки.","1940–1950-е гг., завод «Молот», Вятские Поляны; музей «Самарская Лука». Музейная карточка описывает пружинный привод и корпус для переноски. История конкретного прежнего владельца не дана.",https://ar.culture.ru/ru/subject/patefon-62,,Есть адрес предметной карточки; сверить содержание и медиа,Редакторское предложение; новая дата выпуска не назначена
30.04,Маргарита Стриленко: маленькая игра живёт сегодня,"Можно ли вытащить крошечную расписную вещь, не потревожив остальные?",Выбрать свободную бирюльку и осторожно провести условный крючок. Увеличить миниатюрный узор и увидеть современную работу мастера в старой игровой форме.,"Маргарита Николаевна Стриленко, Кандалакша, 2023 г.; Музей истории города Кандалакша. Набор бирюлек, токарная работа, борецкая роспись; фигурки размером 1–2 см. Англоязычный адрес карточки содержит русский текст.",https://ar.culture.ru/en/subject/nabor-biryulek,Современный мастер и миниатюрная вещь; не переносить автоматически только из-за слова «игра».,Есть адрес предметной карточки; сверить содержание и медиа,Редакторское предложение; новая дата выпуска не назначена
02.05,Телега: летний путь крестьянского хозяйства,Почему сани нельзя просто поставить на колёса?,"На условной модели заменить ходовую часть; увидеть различия опоры и места для груза, затем рассмотреть музейный образец.","Тема-кандидат в рамках экспозиции РЭМ о русских. Конкретный предмет, местность, дата и подтверждение частного сюжета ещё подбираются; обзор не заменяет предметную атрибуцию.",https://ethnomuseum.ru/exposition/permanent/russians/,,Общий обзор; нужен предмет,Редакторское предложение; новая дата выпуска не назначена
03.05,Косоворотка: маленькое смещение большого значения,Что первым замечаешь в мужской рубахе?,"Найти линию застёжки на увеличенном изображении; сопоставить её с рубахой другого покроя, без легенды о единственной причине возникновения.",Музейный альбом русских локальных костюмных комплексов; конкретный комплект уточняется перед страницей.,https://collection.ethnomuseum.ru/entity/ARTICLE/2311,,Запись/альбом/описание; проверить локальность и пригодность,Редакторское предложение; новая дата выпуска не назначена
04.05,Ластовица: свобода движения в небольшом лоскуте,Как поднять руки в рубахе из прямых полотнищ?,Добавить деталь к условному крою и сравнить движение рукава. Точный крой взять с выбранной русской рубахи.,Музейный альбом русских локальных костюмных комплексов; конкретный комплект уточняется перед страницей.,https://collection.ethnomuseum.ru/entity/ARTICLE/2311,,Запись/альбом/описание; проверить локальность и пригодность,Редакторское предложение; новая дата выпуска не назначена
05.05,Пастушеская сумка: день вдали от дома,"Что нужно взять человеку, который уйдёт со стадом на весь день?",Собрать набор по музейному описанию пастушеского быта; раскрыть назначение каждого выбранного предмета.,"Тема-кандидат в рамках экспозиции РЭМ о русских. Конкретный предмет, местность, дата и подтверждение частного сюжета ещё подбираются; обзор не заменяет предметную атрибуцию.",https://ethnomuseum.ru/exposition/permanent/russians/,,Общий обзор; нужен предмет,Редакторское предложение; новая дата выпуска не назначена
07.05,Ботало: найти животное по звуку,"Можно ли услышать, где пасётся твоя корова?",Сопоставить запись звучания с формой двух ботал; на условной звуковой карте найти движущийся источник.,"Тема-кандидат в рамках экспозиции РЭМ о русских. Конкретный предмет, местность, дата и подтверждение частного сюжета ещё подбираются; обзор не заменяет предметную атрибуцию.",https://ethnomuseum.ru/exposition/permanent/russians/,,Общий обзор; нужен предмет,Редакторское предложение; новая дата выпуска не назначена
10.05,Прямой сарафан: ткань собирается в объём,Как прямоугольные полотнища становятся просторной одеждой?,Собрать условные полотнища и стянуть верх; сопоставить силуэт с атрибутированным музейным сарафаном.,Музейный альбом русских локальных костюмных комплексов; конкретный комплект уточняется перед страницей.,https://collection.ethnomuseum.ru/entity/ARTICLE/2311,,Запись/альбом/описание; проверить локальность и пригодность,Редакторское предложение; новая дата выпуска не назначена
11.05,Косоклинный сарафан: ширина спрятана в клиньях,"Можно ли расширить подол, сохранив узкий верх?",Переставить клинья выкройки; увидеть изменение силуэта и сравнить с прямым сарафаном из соседнего дня.,Музейный альбом русских локальных костюмных комплексов; конкретный комплект уточняется перед страницей.,https://collection.ethnomuseum.ru/entity/ARTICLE/2311,,Запись/альбом/описание; проверить локальность и пригодность,Редакторское предложение; новая дата выпуска не назначена
12.05,Душегрея: короткая вещь поверх длинного сарафана,Как многослойность меняет весь костюм?,"Добавлять слои к одному музейному комплекту; увидеть, какие части скрываются и какие остаются видны.",Музейный альбом русских локальных костюмных комплексов; конкретный комплект уточняется перед страницей.,https://collection.ethnomuseum.ru/entity/ARTICLE/2311,,Запись/альбом/описание; проверить локальность и пригодность,Редакторское предложение; новая дата выпуска не назначена
13.05,Передник-запон: повседневность выходит в узор,Почему рабочая вещь могла стать нарядной?,"Сравнить два документированных передника одной традиции; отметить материал, отделку и следы использования.",Документированная собирательская работа О. П. Семёновой; рязанские коллекции. Номер выбранной вещи уточняется перед страницей.,https://ethnomuseum.ru/collections/collectors/semenova-olga-petrovna/,,Запись/альбом/описание; проверить локальность и пригодность,Редакторское предложение; новая дата выпуска не назначена
14.05,Косник: украшение на конце девичьей косы,Как небольшая деталь меняет причёску?,"Найти косник в музейном комплекте, развернуть увеличенную форму и связать способ крепления с местом в причёске.",Документированная собирательская работа О. П. Семёновой; рязанские коллекции. Номер выбранной вещи уточняется перед страницей.,https://ethnomuseum.ru/collections/collectors/semenova-olga-petrovna/,,Запись/альбом/описание; проверить локальность и пригодность,Редакторское предложение; новая дата выпуска не назначена
15.05,Сорока: головной убор из нескольких частей,Что скрывается за одним названием?,Собрать слои по описанию выбранного рязанского убора; после каждого шага увидеть его функцию.,Документированная собирательская работа О. П. Семёновой; рязанские коллекции. Номер выбранной вещи уточняется перед страницей.,https://ethnomuseum.ru/collections/collectors/semenova-olga-petrovna/,,Запись/альбом/описание; проверить локальность и пригодность,Редакторское предложение; новая дата выпуска не назначена
16.05,Нагрудное украшение: наряд звучит и движется,Почему украшение интересно рассматривать не только спереди?,"Повернуть цифровую модель выбранного образца, найти подвесы и способ крепления; движение показать как реконструкцию.",Документированная собирательская работа О. П. Семёновой; рязанские коллекции. Номер выбранной вещи уточняется перед страницей.,https://ethnomuseum.ru/collections/collectors/semenova-olga-petrovna/,,Запись/альбом/описание; проверить локальность и пригодность,Редакторское предложение; новая дата выпуска не назначена
17.05,Кумач: фабричная ткань входит в деревню,Как покупной материал меняет привычную рубаху?,Сравнить фактуру домотканого полотна и кумача на подписанных образцах; составить карточку обновления гардероба.,Музейный альбом русских локальных костюмных комплексов; конкретный комплект уточняется перед страницей.,https://collection.ethnomuseum.ru/entity/ARTICLE/2311,,Запись/альбом/описание; проверить локальность и пригодность,Редакторское предложение; новая дата выпуска не назначена
18.05,Плис: нарядные штаны молодого парня,Какая ткань выдавала стремление одеться модно?,"Провести виртуальную лупу по поверхности ткани, сопоставить её с комплектом из Калужской губернии.",Музейный альбом русских локальных костюмных комплексов; конкретный комплект уточняется перед страницей.,https://collection.ethnomuseum.ru/entity/ARTICLE/2311,,Запись/альбом/описание; проверить локальность и пригодность,Редакторское предложение; новая дата выпуска не назначена
19.05,Парочка: кофта и юбка как единый наряд,В какой момент городской силуэт становится деревенским?,Сравнить музейный пинежский комплект с сарафанным; выделить изменения кроя и сохранить два силуэта рядом.,Музейный альбом русских локальных костюмных комплексов; конкретный комплект уточняется перед страницей.,https://collection.ethnomuseum.ru/entity/ARTICLE/2311,,Запись/альбом/описание; проверить локальность и пригодность,Редакторское предложение; новая дата выпуска не назначена
20.05,Платок: один квадрат и разные способы ношения,Может ли один платок выглядеть как три разные вещи?,"Повторить по подписанным изображениям способы ношения; получить сравнение формы, не приписывая их всем русским женщинам.",Музейный альбом русских локальных костюмных комплексов; конкретный комплект уточняется перед страницей.,https://collection.ethnomuseum.ru/entity/ARTICLE/2311,,Запись/альбом/описание; проверить локальность и пригодность,Редакторское предложение; новая дата выпуска не назначена
23.05,"Сапожные гвозди: крепление, которое обычно не видно",Что рассказывает подошва о работе мастера?,"Перевернуть выбранный сапог, найти шов и крепёж; сопоставить с поэтапной схемой изготовления.","Тема-кандидат в рамках экспозиции РЭМ о русских. Конкретный предмет, местность, дата и подтверждение частного сюжета ещё подбираются; обзор не заменяет предметную атрибуцию.",https://ethnomuseum.ru/exposition/permanent/russians/,,Общий обзор; нужен предмет,Редакторское предложение; новая дата выпуска не назначена
25.05,Медный замок: как запирали дорогие вещи,"Можно ли понять работу замка, не сломав его?",На условном разрезе повернуть ключ; увидеть движение запора и сопоставить конструкцию с музейной вещью.,"Тема-кандидат в рамках экспозиции РЭМ о русских. Конкретный предмет, местность, дата и подтверждение частного сюжета ещё подбираются; обзор не заменяет предметную атрибуцию.",https://ethnomuseum.ru/exposition/permanent/russians/,,Общий обзор; нужен предмет,Редакторское предложение; новая дата выпуска не назначена
26.05,Кованая петля: тяжёлая дверь на двух опорах,Что держит створку годами?,На схеме перенести точку крепления; наблюдать наклон створки и узнать назначение длинной металлической полосы.,"Тема-кандидат в рамках экспозиции РЭМ о русских. Конкретный предмет, местность, дата и подтверждение частного сюжета ещё подбираются; обзор не заменяет предметную атрибуцию.",https://ethnomuseum.ru/exposition/permanent/russians/,,Общий обзор; нужен предмет,Редакторское предложение; новая дата выпуска не назначена
29.05,"Городецкий конь: движение, написанное кистью",Как несколько изгибов превращаются в бегущую лошадь?,"Выделить силуэт, затем добавить разрешённые для выбранного образца детали; сравнить собственный рисунок с работой мастера.",Тематический материал о росписи; музейный экземпляр и мастер подбираются отдельно.,https://www.culture.ru/materials/139105/zagadki-uzorov-russkikh-rospisei,,Запись/альбом/описание; проверить локальность и пригодность,Редакторское предложение; новая дата выпуска не назначена
30.05,Мезенский ряд: ритм красного и чёрного,"Можно ли продолжить узор, не зная его названия?","Найти повтор в орнаментальной полосе, продолжить ряд и открыть название элементов по музейному описанию.",Тематический материал о росписи; музейный экземпляр и мастер подбираются отдельно.,https://www.culture.ru/materials/139105/zagadki-uzorov-russkikh-rospisei,,Запись/альбом/описание; проверить локальность и пригодность,Редакторское предложение; новая дата выпуска не назначена
01.06,"Тряпичный мяч: игра начинается с того, что под рукой",Можно ли сделать упругую игрушку без резины?,Собрать условные слои мяча по выбранному музейному образцу; сравнить его форму и материалы с современным.,"Тема-кандидат в рамках экспозиции РЭМ о русских. Конкретный предмет, местность, дата и подтверждение частного сюжета ещё подбираются; обзор не заменяет предметную атрибуцию.",https://ethnomuseum.ru/exposition/permanent/russians/,,Общий обзор; нужен предмет,Редакторское предложение; новая дата выпуска не назначена
09.06,Самодельная кукла: костюм в ладони,Может ли игрушка сохранить подробности взрослого наряда?,Сопоставить музейную игровую куклу с одеждой той же местной традиции; найти три общие детали.,Музейный альбом русских локальных костюмных комплексов; конкретный комплект уточняется перед страницей.,https://collection.ethnomuseum.ru/entity/ARTICLE/2311,,Запись/альбом/описание; проверить локальность и пригодность,Редакторское предложение; новая дата выпуска не назначена
16.06,Скрипучее колесо колодца: поднять воду вместе,Как ворот меняет усилие человека?,Повернуть условную рукоять и проследить движение ведра; сравнить устройство с выбранным документированным колодцем.,"Тема-кандидат в рамках экспозиции РЭМ о русских. Конкретный предмет, местность, дата и подтверждение частного сюжета ещё подбираются; обзор не заменяет предметную атрибуцию.",https://ethnomuseum.ru/exposition/permanent/russians/,,Общий обзор; нужен предмет,Редакторское предложение; новая дата выпуска не назначена
20.06,Рыболовный поплавок: маленькая вещь передаёт сигнал,Что видно над водой и что происходит под ней?,На условном разрезе изменить положение лески; связать движение поплавка с изменением натяжения.,"Тема-кандидат в рамках экспозиции РЭМ о русских. Конкретный предмет, местность, дата и подтверждение частного сюжета ещё подбираются; обзор не заменяет предметную атрибуцию.",https://ethnomuseum.ru/exposition/permanent/russians/,,Общий обзор; нужен предмет,Редакторское предложение; новая дата выпуска не назначена
22.06,Рыбная мережа: вход легче выхода,Как плетёная ловушка удерживает добычу?,Проследить условный путь внутри выбранной конструкции; открыть назначение входной воронки.,"Тема-кандидат в рамках экспозиции РЭМ о русских. Конкретный предмет, местность, дата и подтверждение частного сюжета ещё подбираются; обзор не заменяет предметную атрибуцию.",https://ethnomuseum.ru/exposition/permanent/russians/,,Общий обзор; нужен предмет,Редакторское предложение; новая дата выпуска не назначена
23.06,Черпак в лодке: простая вещь для важного дела,"Зачем лодочнику сосуд, которым ничего не пьют?",Найти черпак среди вещей рыбака и показать его работу на условной схеме лодки.,"Тема-кандидат в рамках экспозиции РЭМ о русских. Конкретный предмет, местность, дата и подтверждение частного сюжета ещё подбираются; обзор не заменяет предметную атрибуцию.",https://ethnomuseum.ru/exposition/permanent/russians/,,Общий обзор; нужен предмет,Редакторское предложение; новая дата выпуска не назначена
24.06,Окно с наличником: красота закрывает щель,Какая часть узора одновременно решает бытовую задачу?,"Снять наличник со схемы, увидеть место стыка и вернуть его; приблизить резьбу выбранного образца.","Тема-кандидат в рамках экспозиции РЭМ о русских. Конкретный предмет, местность, дата и подтверждение частного сюжета ещё подбираются; обзор не заменяет предметную атрибуцию.",https://ethnomuseum.ru/exposition/permanent/russians/,,Общий обзор; нужен предмет,Редакторское предложение; новая дата выпуска не назначена
25.06,Ставни: у окна есть ещё одна одежда,"Как меняется дом, когда ставни закрывают?",Переключить состояния выбранного окна; сравнить освещение и внешний рисунок фасада.,"Тема-кандидат в рамках экспозиции РЭМ о русских. Конкретный предмет, местность, дата и подтверждение частного сюжета ещё подбираются; обзор не заменяет предметную атрибуцию.",https://ethnomuseum.ru/exposition/permanent/russians/,,Общий обзор; нужен предмет,Редакторское предложение; новая дата выпуска не назначена
28.06,Веерная кисть листьев: растительный узор в Жостово,Как цветы удерживают композицию на круглом подносе?,Переместить главные цветы и листья на условном круге; сравнить равновесие со снимком мастерской работы.,Тематический материал о росписи; музейный экземпляр и мастер подбираются отдельно.,https://www.culture.ru/materials/139105/zagadki-uzorov-russkikh-rospisei,,Запись/альбом/описание; проверить локальность и пригодность,Редакторское предложение; новая дата выпуска не назначена
29.06,Филимоновская свистулька: вытянутая глиняная фигура,Как узнать игрушку ещё до раскраски?,Сопоставить силуэты нескольких подписанных игрушек; выбрать характерную форму и рассмотреть её конструкцию.,"Кандидат по названному промыслу. Обзор Культура.РФ — исходный ориентир; конкретная вещь, автор, дата и частные технологические сведения требуют предметной проверки.",https://www.culture.ru/s/narodnye-promysly-rossii/,,Общий обзор; нужен предмет,Редакторское предложение; новая дата выпуска не назначена
01.07,Коса-горбуша: инструмент подсказывает движение,Почему не всякой косой работают одинаково?,"Сопоставить музейную демонстрацию горбуши и другой косы; на схеме повторить траекторию, не предлагая тренировку с лезвием.","Современная музейная демонстрация сенокоса, Кижи, июль 2026. Исторические приёмы и современная демонстрация различаются.",https://kizhi.karelia.ru/news/tradiczionnyij-senokos,,Запись/альбом/описание; проверить локальность и пригодность,Редакторское предложение; новая дата выпуска не назначена
02.07,"Косовище: рукоять, которую подгоняют под человека","Что меняется, если рукоять слишком длинна?",На условной модели изменить положение хвата; сопоставить с движением демонстратора на записи.,"Современная музейная демонстрация сенокоса, Кижи, июль 2026. Исторические приёмы и современная демонстрация различаются.",https://kizhi.karelia.ru/news/tradiczionnyij-senokos,,Запись/альбом/описание; проверить локальность и пригодность,Редакторское предложение; новая дата выпуска не назначена
03.07,Брусок косаря: острота требует заботы,Почему работа в поле прерывается короткими остановками?,Найти момент ухода за инструментом в музейном видео; связать его с последовательностью работы.,"Современная музейная демонстрация сенокоса, Кижи, июль 2026. Исторические приёмы и современная демонстрация различаются.",https://kizhi.karelia.ru/news/tradiczionnyij-senokos,,Запись/альбом/описание; проверить локальность и пригодность,Редакторское предложение; новая дата выпуска не назначена
05.07,Сено на просушке: поспешность может испортить запас,Почему скошенную траву не сразу уносят под крышу?,Переставить стадии заготовки на условной ленте; открыть объяснение музейного демонстратора.,"Современная музейная демонстрация сенокоса, Кижи, июль 2026. Исторические приёмы и современная демонстрация различаются.",https://kizhi.karelia.ru/news/tradiczionnyij-senokos,,Запись/альбом/описание; проверить локальность и пригодность,Редакторское предложение; новая дата выпуска не назначена
13.07,Вёсла: движение лодки зависит от согласия,Почему два сильных гребца могут мешать друг другу?,Задать ритм двум условным вёслам; увидеть поворот лодки и добиться прямого движения.,"Тема-кандидат в рамках экспозиции РЭМ о русских. Конкретный предмет, местность, дата и подтверждение частного сюжета ещё подбираются; обзор не заменяет предметную атрибуцию.",https://ethnomuseum.ru/exposition/permanent/russians/,,Общий обзор; нужен предмет,Редакторское предложение; новая дата выпуска не назначена
14.07,Якорный камень: тяжесть удерживает лодку,Что может служить якорем без сложной металлической формы?,"Рассмотреть выбранное грузило, показать крепление и проследить условную связь лодки с дном.","Тема-кандидат в рамках экспозиции РЭМ о русских. Конкретный предмет, местность, дата и подтверждение частного сюжета ещё подбираются; обзор не заменяет предметную атрибуцию.",https://ethnomuseum.ru/exposition/permanent/russians/,,Общий обзор; нужен предмет,Редакторское предложение; новая дата выпуска не назначена
17.07,Рыбацкая игла: сеть требует починки,"Как восстановить одну ячейку, не переделывая всё полотно?",На увеличенной условной схеме провести нить через повреждённое место; сравнить восстановленную ячейку с соседними.,"Тема-кандидат в рамках экспозиции РЭМ о русских. Конкретный предмет, местность, дата и подтверждение частного сюжета ещё подбираются; обзор не заменяет предметную атрибуцию.",https://ethnomuseum.ru/exposition/permanent/russians/,,Общий обзор; нужен предмет,Редакторское предложение; новая дата выпуска не назначена
18.07,Садок: улов остаётся в воде,Как переносная ёмкость связана со средой рыбака?,Сопоставить форму выбранного садка с его размещением у лодки; открыть музейное объяснение назначения.,"Тема-кандидат в рамках экспозиции РЭМ о русских. Конкретный предмет, местность, дата и подтверждение частного сюжета ещё подбираются; обзор не заменяет предметную атрибуцию.",https://ethnomuseum.ru/exposition/permanent/russians/,,Общий обзор; нужен предмет,Редакторское предложение; новая дата выпуска не назначена
19.07,Дымарь: инструмент пасечника в работе,Почему у человека рядом с ульем появляется дым?,На подписанной демонстрации найти инструмент и этап его применения; показать культурную практику без инструкции по работе с пчёлами.,"Тема-кандидат в рамках экспозиции РЭМ о русских. Конкретный предмет, местность, дата и подтверждение частного сюжета ещё подбираются; обзор не заменяет предметную атрибуцию.",https://ethnomuseum.ru/exposition/permanent/russians/,,Общий обзор; нужен предмет,Редакторское предложение; новая дата выпуска не назначена
20.07,Улей-колода: жильё пчёл в стволе,Как природная форма превращается в хозяйственную вещь?,Повернуть модель выбранной колоды; найти леток и место доступа по музейному описанию.,"Тема-кандидат в рамках экспозиции РЭМ о русских. Конкретный предмет, местность, дата и подтверждение частного сюжета ещё подбираются; обзор не заменяет предметную атрибуцию.",https://ethnomuseum.ru/exposition/permanent/russians/,,Общий обзор; нужен предмет,Редакторское предложение; новая дата выпуска не назначена
21.07,"Рамочный улей: деталь, которую можно вынуть","Что меняется, когда часть улья становится съёмной?",Сопоставить схемы двух документированных типов ульев; вынуть условную рамку и увидеть различие устройства.,"Тема-кандидат в рамках экспозиции РЭМ о русских. Конкретный предмет, местность, дата и подтверждение частного сюжета ещё подбираются; обзор не заменяет предметную атрибуцию.",https://ethnomuseum.ru/exposition/permanent/russians/,,Общий обзор; нужен предмет,Редакторское предложение; новая дата выпуска не назначена
22.07,Лыковая верёвка: прочность из тонких волокон,Как несколько слабых полос становятся одним креплением?,Скрутить условные пряди на схеме и сравнить направление витков; привязать показ к выбранной ремесленной записи.,"Тема-кандидат в рамках экспозиции РЭМ о русских. Конкретный предмет, местность, дата и подтверждение частного сюжета ещё подбираются; обзор не заменяет предметную атрибуцию.",https://ethnomuseum.ru/exposition/permanent/russians/,,Общий обзор; нужен предмет,Редакторское предложение; новая дата выпуска не назначена
23.07,Рогожа: грубое полотно тоже требует умения,"Где нужна ткань, которую не наденешь на праздник?",Найти документированные хозяйственные применения рогожи; сопоставить крупное переплетение с назначением.,"Тема-кандидат в рамках экспозиции РЭМ о русских. Конкретный предмет, местность, дата и подтверждение частного сюжета ещё подбираются; обзор не заменяет предметную атрибуцию.",https://ethnomuseum.ru/exposition/permanent/russians/,,Общий обзор; нужен предмет,Редакторское предложение; новая дата выпуска не назначена
24.07,Хохломская ложка: золотой цвет без золотой заготовки,Почему деревянная вещь выглядит металлической?,Переключать слои технологической схемы по описанию промысла; сравнить заготовку и готовую поверхность.,Тематический материал о росписи; музейный экземпляр и мастер подбираются отдельно.,https://www.culture.ru/materials/139105/zagadki-uzorov-russkikh-rospisei,,Запись/альбом/описание; проверить локальность и пригодность,Редакторское предложение; новая дата выпуска не назначена
25.07,"Гжельский мазок: один цвет, много оттенков",Как кисть получает свет и тень без смены краски?,Провести условной кистью с разным нажимом; сравнить результат с увеличенным мазком мастера.,Тематический материал о росписи; музейный экземпляр и мастер подбираются отдельно.,https://www.culture.ru/materials/139105/zagadki-uzorov-russkikh-rospisei,,Запись/альбом/описание; проверить локальность и пригодность,Редакторское предложение; новая дата выпуска не назначена
26.07,Дымковская барышня: круги превращаются в наряд,Почему узор легко узнать издалека?,Составить ритм крупных пятен на условной фигуре; сравнить его с выбранной подписанной игрушкой.,"Кандидат по названному промыслу. Обзор Культура.РФ — исходный ориентир; конкретная вещь, автор, дата и частные технологические сведения требуют предметной проверки.",https://www.culture.ru/s/narodnye-promysly-rossii/,,Общий обзор; нужен предмет,Редакторское предложение; новая дата выпуска не назначена
27.07,Каргопольский Полкан: необычный герой из глины,Кто этот персонаж между человеком и конём?,"Повернуть изображение выбранной игрушки; выделить части фигуры и открыть атрибуцию, не сочиняя древнего значения.","Кандидат по названному промыслу. Обзор Культура.РФ — исходный ориентир; конкретная вещь, автор, дата и частные технологические сведения требуют предметной проверки.",https://www.culture.ru/s/narodnye-promysly-rossii/,,Общий обзор; нужен предмет,Редакторское предложение; новая дата выпуска не назначена
28.07,Полхов-Майдан: цветок на округлой поверхности,Почему плоский рисунок иначе смотрится на объёме?,Обернуть условный цветочный узор вокруг деревянной формы; сопоставить результат с работой выбранного мастера.,"Кандидат по названному промыслу. Обзор Культура.РФ — исходный ориентир; конкретная вещь, автор, дата и частные технологические сведения требуют предметной проверки.",https://www.culture.ru/s/narodnye-promysly-rossii/,,Общий обзор; нужен предмет,Редакторское предложение; новая дата выпуска не назначена
29.07,Семёновская матрёшка: размер подчиняет всю семью,"Как сделать так, чтобы каждая фигура вошла в следующую?",Упорядочить условные половинки по размеру; увидеть роль толщины стенки и затем рассмотреть реальный набор.,"Кандидат по названному промыслу. Обзор Культура.РФ — исходный ориентир; конкретная вещь, автор, дата и частные технологические сведения требуют предметной проверки.",https://www.culture.ru/s/narodnye-promysly-rossii/,,Общий обзор; нужен предмет,Редакторское предложение; новая дата выпуска не назначена
30.07,Берестяной шаркунок: звук спрятан внутри,"Что гремит в игрушке, у которой ничего не видно?",Сопоставить звук с условным разрезом; открыть материал наполнителя только по карточке выбранного образца.,"Тема-кандидат в рамках экспозиции РЭМ о русских. Конкретный предмет, местность, дата и подтверждение частного сюжета ещё подбираются; обзор не заменяет предметную атрибуцию.",https://ethnomuseum.ru/exposition/permanent/russians/,,Общий обзор; нужен предмет,Редакторское предложение; новая дата выпуска не назначена
31.07,След ладони мастера: почему вещи немного различаются,Можно ли найти ручную работу по двум похожим предметам?,Сравнить две атрибутированные работы одного промысла; отметить небольшие различия формы и сохранить собственную находку.,"Кандидат по названному промыслу. Обзор Культура.РФ — исходный ориентир; конкретная вещь, автор, дата и частные технологические сведения требуют предметной проверки.",https://www.culture.ru/s/narodnye-promysly-rossii/,,Общий обзор; нужен предмет,Редакторское предложение; новая дата выпуска не назначена
01.08,Серп: жатва начинается с одной горсти стеблей,Почему изогнутое лезвие удобно для выбранного движения?,Проследить на музейной записи движение жницы; на условной схеме выделить рабочую часть серпа.,"Тема-кандидат в рамках экспозиции РЭМ о русских. Конкретный предмет, местность, дата и подтверждение частного сюжета ещё подбираются; обзор не заменяет предметную атрибуцию.",https://ethnomuseum.ru/exposition/permanent/russians/,,Общий обзор; нужен предмет,Редакторское предложение; новая дата выпуска не назначена
03.08,Сноп: урожай получает переносную форму,Как охапка стеблей превращается в удобный груз?,Собрать условный сноп и выбрать место перевязи по документированной схеме; увидеть устойчивую форму.,"Тема-кандидат в рамках экспозиции РЭМ о русских. Конкретный предмет, местность, дата и подтверждение частного сюжета ещё подбираются; обзор не заменяет предметную атрибуцию.",https://ethnomuseum.ru/exposition/permanent/russians/,,Общий обзор; нужен предмет,Редакторское предложение; новая дата выпуска не назначена
04.08,Перевясло: крепление из самого урожая,Можно ли связать стебли без покупной верёвки?,Рассмотреть местный способ перевязки снопа; повторить его на условных полосах и открыть термин.,"Тема-кандидат в рамках экспозиции РЭМ о русских. Конкретный предмет, местность, дата и подтверждение частного сюжета ещё подбираются; обзор не заменяет предметную атрибуцию.",https://ethnomuseum.ru/exposition/permanent/russians/,,Общий обзор; нужен предмет,Редакторское предложение; новая дата выпуска не назначена
05.08,Жнивная рубаха: одежда для тяжёлой поры,Чем наряд для работы отличается от праздничного?,Сопоставить выбранную жатвенную рубаху с комплектом той же традиции; найти особенности по музейной подписи.,"Тема-кандидат в рамках экспозиции РЭМ о русских. Конкретный предмет, местность, дата и подтверждение частного сюжета ещё подбираются; обзор не заменяет предметную атрибуцию.",https://ethnomuseum.ru/exposition/permanent/russians/,,Общий обзор; нужен предмет,Редакторское предложение; новая дата выпуска не назначена
08.08,Цеп: зерно отделяется ударами,Почему орудие состоит из двух подвижных частей?,Привести в движение условную схему цепа; увидеть назначение соединения и сопоставить с музейной демонстрацией.,"Тема-кандидат в рамках экспозиции РЭМ о русских. Конкретный предмет, местность, дата и подтверждение частного сюжета ещё подбираются; обзор не заменяет предметную атрибуцию.",https://ethnomuseum.ru/exposition/permanent/russians/,,Общий обзор; нужен предмет,Редакторское предложение; новая дата выпуска не назначена
10.08,Овин: снопы готовят к обмолоту,"Что делает отдельная постройка, чего не сделает жилая изба?",Рассмотреть документированную схему овина; связать зоны сушки и размещения снопов без инструкций по топке.,"Тема-кандидат в рамках экспозиции РЭМ о русских. Конкретный предмет, местность, дата и подтверждение частного сюжета ещё подбираются; обзор не заменяет предметную атрибуцию.",https://ethnomuseum.ru/exposition/permanent/russians/,,Общий обзор; нужен предмет,Редакторское предложение; новая дата выпуска не назначена
11.08,Веялка: воздух помогает разделить урожай,Как движение воздуха отделяет лёгкое от тяжёлого?,Запустить условный поток над смесью зерна и мякины; сравнить траектории и открыть историческое приспособление.,"Тема-кандидат в рамках экспозиции РЭМ о русских. Конкретный предмет, местность, дата и подтверждение частного сюжета ещё подбираются; обзор не заменяет предметную атрибуцию.",https://ethnomuseum.ru/exposition/permanent/russians/,,Общий обзор; нужен предмет,Редакторское предложение; новая дата выпуска не назначена
12.08,Сусек: запасу нужно своё место,Почему зерно нельзя просто высыпать где угодно?,На схеме выбранного амбара найти отдельные закрома; распределить культуры и объяснить роль разделения.,"Тема-кандидат в рамках экспозиции РЭМ о русских. Конкретный предмет, местность, дата и подтверждение частного сюжета ещё подбираются; обзор не заменяет предметную атрибуцию.",https://ethnomuseum.ru/exposition/permanent/russians/,,Общий обзор; нужен предмет,Редакторское предложение; новая дата выпуска не назначена
15.08,Воск: второй дар пасеки,Что остаётся ценным после извлечения мёда?,Соединить образец воска с документированными бытовыми применениями; показать путь к одной выбранной вещи.,"Тема-кандидат в рамках экспозиции РЭМ о русских. Конкретный предмет, местность, дата и подтверждение частного сюжета ещё подбираются; обзор не заменяет предметную атрибуцию.",https://ethnomuseum.ru/exposition/permanent/russians/,,Общий обзор; нужен предмет,Редакторское предложение; новая дата выпуска не назначена
18.08,Ягодное лукошко: бережно донести хрупкий сбор,Почему для ягод важны форма и глубина корзины?,Сравнить два выбранных образца тары; на условной схеме показать размещение хрупкого груза.,"Тема-кандидат в рамках экспозиции РЭМ о русских. Конкретный предмет, местность, дата и подтверждение частного сюжета ещё подбираются; обзор не заменяет предметную атрибуцию.",https://ethnomuseum.ru/exposition/permanent/russians/,,Общий обзор; нужен предмет,Редакторское предложение; новая дата выпуска не назначена
22.08,Квасник: сосуд с характерным просветом,"Зачем рассматривать посуду сбоку, а не только спереди?","Повернуть выбранный сосуд, найти ручку, носик и отверстие корпуса; назначение деталей раскрыть по карточке.","Кандидат по названному промыслу. Обзор Культура.РФ — исходный ориентир; конкретная вещь, автор, дата и частные технологические сведения требуют предметной проверки.",https://www.culture.ru/s/narodnye-promysly-rossii/,,Общий обзор; нужен предмет,Редакторское предложение; новая дата выпуска не назначена
23.08,Сбитенник: горячий напиток на улице,Как напиток переносили и разливали покупателям?,На схеме выбранного медного сосуда проследить путь жидкости; сопоставить вещь с описанием торговли.,"Тема-кандидат в рамках экспозиции РЭМ о русских. Конкретный предмет, местность, дата и подтверждение частного сюжета ещё подбираются; обзор не заменяет предметную атрибуцию.",https://ethnomuseum.ru/exposition/permanent/russians/,Устройство сбитенника; уличная торговля напитком даст другой сюжет второго музея.,Общий обзор; нужен предмет,Редакторское предложение; новая дата выпуска не назначена
25.08,Хлебная лопата: длинная рукоять для глубокой печи,"Как положить заготовку туда, куда рукой не достать?",На условном разрезе печи провести лопату к поду; сопоставить длину и форму с музейной вещью.,"Тема-кандидат в рамках экспозиции РЭМ о русских. Конкретный предмет, местность, дата и подтверждение частного сюжета ещё подбираются; обзор не заменяет предметную атрибуцию.",https://ethnomuseum.ru/exposition/permanent/russians/,,Общий обзор; нужен предмет,Редакторское предложение; новая дата выпуска не назначена
27.08,Лён на мочиле: материал меняется до прядения,Почему путь к ткани проходит через воду?,"На документированной схеме расставить стадии подготовки стебля; увидеть, где начинается отделение волокна.","Тема-кандидат в рамках экспозиции РЭМ о русских. Конкретный предмет, местность, дата и подтверждение частного сюжета ещё подбираются; обзор не заменяет предметную атрибуцию.",https://ethnomuseum.ru/exposition/permanent/russians/,,Общий обзор; нужен предмет,Редакторское предложение; новая дата выпуска не назначена
01.09,Первый школьный ранец: учёба становится дорогой,Что ребёнок несёт из дома в школу?,Собрать набор по выбранной школьной фотографии; раскрыть назначение каждой подписанной вещи.,"Тема-кандидат в рамках экспозиции РЭМ о русских. Конкретный предмет, местность, дата и подтверждение частного сюжета ещё подбираются; обзор не заменяет предметную атрибуцию.",https://ethnomuseum.ru/exposition/permanent/russians/,,Общий обзор; нужен предмет,Редакторское предложение; новая дата выпуска не назначена
02.09,Перьевая ручка: строка зависит от движения,Почему старая тетрадь хранит след нажима?,Провести условный штрих с разным нажимом; сравнить его с выбранной ученической работой.,"Тема-кандидат в рамках экспозиции РЭМ о русских. Конкретный предмет, местность, дата и подтверждение частного сюжета ещё подбираются; обзор не заменяет предметную атрибуцию.",https://ethnomuseum.ru/exposition/permanent/russians/,,Общий обзор; нужен предмет,Редакторское предложение; новая дата выпуска не назначена
04.09,Промокательная бумага: помощница мокрой строки,"Как сохранить написанное, не размазав его?",На схеме письма выбрать момент промокания; открыть бытовую функцию выбранного школьного предмета.,"Тема-кандидат в рамках экспозиции РЭМ о русских. Конкретный предмет, местность, дата и подтверждение частного сюжета ещё подбираются; обзор не заменяет предметную атрибуцию.",https://ethnomuseum.ru/exposition/permanent/russians/,,Общий обзор; нужен предмет,Редакторское предложение; новая дата выпуска не назначена
05.09,Счёты: число видно по положению косточек,Как посчитать покупку без записи столбиком?,Выполнить одну операцию на условных счётах; открыть соответствие разрядов цифрам.,"Тема-кандидат в рамках экспозиции РЭМ о русских. Конкретный предмет, местность, дата и подтверждение частного сюжета ещё подбираются; обзор не заменяет предметную атрибуцию.",https://ethnomuseum.ru/exposition/permanent/russians/,,Общий обзор; нужен предмет,Редакторское предложение; новая дата выпуска не назначена
06.09,Гиря с клеймом: доверие к маленькому грузу,Почему покупателю важно смотреть на гирю?,Найти отметки на выбранном образце; отделить прочитанные знаки от неустановленных.,"Тема-кандидат в рамках экспозиции РЭМ о русских. Конкретный предмет, местность, дата и подтверждение частного сюжета ещё подбираются; обзор не заменяет предметную атрибуцию.",https://ethnomuseum.ru/exposition/permanent/russians/,,Общий обзор; нужен предмет,Редакторское предложение; новая дата выпуска не назначена
07.09,Безмен: вес на одной подвеске,Как одно противовесное устройство заменяет две чаши?,Переместить условный груз до равновесия; сопоставить принцип с музейным безменом.,"Тема-кандидат в рамках экспозиции РЭМ о русских. Конкретный предмет, местность, дата и подтверждение частного сюжета ещё подбираются; обзор не заменяет предметную атрибуцию.",https://ethnomuseum.ru/exposition/permanent/russians/,,Общий обзор; нужен предмет,Редакторское предложение; новая дата выпуска не назначена
08.09,Аршин: ткань продают длиной,Почему мерка должна быть понятна обеим сторонам?,Отмерить условный отрез по выбранной исторической мерке; сопоставить её с современной линейкой после проверки величины.,"Тема-кандидат в рамках экспозиции РЭМ о русских. Конкретный предмет, местность, дата и подтверждение частного сюжета ещё подбираются; обзор не заменяет предметную атрибуцию.",https://ethnomuseum.ru/exposition/permanent/russians/,,Общий обзор; нужен предмет,Редакторское предложение; новая дата выпуска не назначена
10.09,Товарная этикетка: упаковка обещает качество,Какие слова убеждали покупателя сто лет назад?,"Рассмотреть подлинную этикетку; выделить производителя, место и рекламное обещание.","Тема-кандидат в рамках экспозиции РЭМ о русских. Конкретный предмет, местность, дата и подтверждение частного сюжета ещё подбираются; обзор не заменяет предметную атрибуцию.",https://ethnomuseum.ru/exposition/permanent/russians/,,Общий обзор; нужен предмет,Редакторское предложение; новая дата выпуска не назначена
11.09,Жестяная коробка: покупка получает вторую жизнь,Почему красивую упаковку не спешат выбрасывать?,Сопоставить товарную функцию коробки и документированное домашнее применение; сохранить две подписи к одной вещи.,"Тема-кандидат в рамках экспозиции РЭМ о русских. Конкретный предмет, местность, дата и подтверждение частного сюжета ещё подбираются; обзор не заменяет предметную атрибуцию.",https://ethnomuseum.ru/exposition/permanent/russians/,,Общий обзор; нужен предмет,Редакторское предложение; новая дата выпуска не назначена
12.09,Копилка: маленькие деньги превращаются в план,Как вещь помогает откладывать понемногу?,На условном примере собрать сумму по частям; затем рассмотреть форму выбранной исторической копилки.,"Тема-кандидат в рамках экспозиции РЭМ о русских. Конкретный предмет, местность, дата и подтверждение частного сюжета ещё подбираются; обзор не заменяет предметную атрибуцию.",https://ethnomuseum.ru/exposition/permanent/russians/,,Общий обзор; нужен предмет,Редакторское предложение; новая дата выпуска не назначена
18.09,Сечка: капусту рубят особым орудием,Почему кухонный инструмент похож на маленький полумесяц?,Показать условную траекторию сечки над корытом; сравнить с формой выбранного музейного образца.,"Тема-кандидат в рамках экспозиции РЭМ о русских. Конкретный предмет, местность, дата и подтверждение частного сюжета ещё подбираются; обзор не заменяет предметную атрибуцию.",https://ethnomuseum.ru/exposition/permanent/russians/,,Общий обзор; нужен предмет,Редакторское предложение; новая дата выпуска не назначена
21.09,Коромысельные серьги: название подсказывает форму,Что связывает украшение и знакомый хозяйственный образ?,Сравнить силуэт выбранных серёг с названием из карточки; прочие значения не додумывать.,Документированная собирательская работа О. П. Семёновой; рязанские коллекции. Номер выбранной вещи уточняется перед страницей.,https://ethnomuseum.ru/collections/collectors/semenova-olga-petrovna/,,Запись/альбом/описание; проверить локальность и пригодность,Редакторское предложение; новая дата выпуска не назначена
30.09,Осенний ремонт одежды: вещь получает ещё сезон,Что заплата рассказывает о заботе?,Приблизить след ремонта на выбранном костюме; сопоставить материал заплаты и основной ткани.,Музейный альбом русских локальных костюмных комплексов; конкретный комплект уточняется перед страницей.,https://collection.ethnomuseum.ru/entity/ARTICLE/2311,,Запись/альбом/описание; проверить локальность и пригодность,Редакторское предложение; новая дата выпуска не назначена
01.11,Федоскинская шкатулка: бумага становится прочной вещью,Почему лаковая коробочка начинается не с дерева?,Собрать условные стадии папье-маше по описанию промысла; сравнить основу и готовую вещь.,Тематический материал о росписи; музейный экземпляр и мастер подбираются отдельно.,https://www.culture.ru/materials/139105/zagadki-uzorov-russkikh-rospisei,,Запись/альбом/описание; проверить локальность и пригодность,Редакторское предложение; новая дата выпуска не назначена
02.11,Федоскинский свет: блеск под живописью,Как глубина появляется на плоской крышке?,Переключать условные слои выбранной техники; сопоставить отражение света с музейным образцом.,Тематический материал о росписи; музейный экземпляр и мастер подбираются отдельно.,https://www.culture.ru/materials/139105/zagadki-uzorov-russkikh-rospisei,,Запись/альбом/описание; проверить локальность и пригодность,Редакторское предложение; новая дата выпуска не назначена
03.11,Палехская миниатюра: большая история на маленькой крышке,Как разместить несколько эпизодов в ладони?,"На выбранной миниатюре найти фигуры и путь взгляда; собрать карту рассказа, не копируя живопись целиком.",Тематический материал о росписи; музейный экземпляр и мастер подбираются отдельно.,https://www.culture.ru/materials/139105/zagadki-uzorov-russkikh-rospisei,,Запись/альбом/описание; проверить локальность и пригодность,Редакторское предложение; новая дата выпуска не назначена
04.11,Холуйская миниатюра: местная школа общего ремесла,Почему похожие коробочки имеют разные авторские почерки?,"Сопоставить подписанные работы Холуя и Палеха; отметить наблюдаемые различия, не выводя правила по одному предмету.","Кандидат по названному промыслу. Обзор Культура.РФ — исходный ориентир; конкретная вещь, автор, дата и частные технологические сведения требуют предметной проверки.",https://www.culture.ru/s/narodnye-promysly-rossii/,,Общий обзор; нужен предмет,Редакторское предложение; новая дата выпуска не назначена
05.11,Мстёрская миниатюра: пейзаж вокруг действия,Как окружение помогает прочитать сюжет?,Разделить выбранное изображение на планы; вернуть фигуры в среду и сравнить восприятие.,"Кандидат по названному промыслу. Обзор Культура.РФ — исходный ориентир; конкретная вещь, автор, дата и частные технологические сведения требуют предметной проверки.",https://www.culture.ru/s/narodnye-promysly-rossii/,,Общий обзор; нужен предмет,Редакторское предложение; новая дата выпуска не назначена
06.11,Ростовская финифть: цвет выдерживает огонь,Почему маленькое украшение требует нескольких стадий?,Разложить по порядку этапы эмалевой работы из описания промысла; открыть готовый предмет под лупой.,"Кандидат по названному промыслу. Обзор Культура.РФ — исходный ориентир; конкретная вещь, автор, дата и частные технологические сведения требуют предметной проверки.",https://www.culture.ru/s/narodnye-promysly-rossii/,,Общий обзор; нужен предмет,Редакторское предложение; новая дата выпуска не назначена
07.11,Скань: узор из металлической нити,Как металл выглядит лёгким кружевом?,Проследить линию проволоки на выбранном изделии; собрать условный элемент из простых изгибов.,"Кандидат по названному промыслу. Обзор Культура.РФ — исходный ориентир; конкретная вещь, автор, дата и частные технологические сведения требуют предметной проверки.",https://www.culture.ru/s/narodnye-promysly-rossii/,,Общий обзор; нужен предмет,Редакторское предложение; новая дата выпуска не назначена
09.11,Великоустюжская чернь: чёрный рисунок на серебре,Почему тёмная линия делает узор заметнее?,Сравнить выбранный предмет до условного выделения рисунка и после; открыть название техники.,"Кандидат по названному промыслу. Обзор Культура.РФ — исходный ориентир; конкретная вещь, автор, дата и частные технологические сведения требуют предметной проверки.",https://www.culture.ru/s/narodnye-promysly-rossii/,,Общий обзор; нужен предмет,Редакторское предложение; новая дата выпуска не назначена
11.11,Торжокское золотное шитьё: блеск ложится стежками,Как металлическая нить держится на ткани?,На увеличенной схеме выбранного приёма проследить крепление; затем найти его на музейной работе.,"Кандидат по названному промыслу. Обзор Культура.РФ — исходный ориентир; конкретная вещь, автор, дата и частные технологические сведения требуют предметной проверки.",https://www.culture.ru/s/narodnye-promysly-rossii/,,Общий обзор; нужен предмет,Редакторское предложение; новая дата выпуска не назначена
12.11,Крестецкая строчка: узор появляется в просветах,Как убрать часть нитей и сохранить ткань?,На условной сетке выделить нити основы и рисунка; сравнить с подписанным образцом строчки.,"Кандидат по названному промыслу. Обзор Культура.РФ — исходный ориентир; конкретная вещь, автор, дата и частные технологические сведения требуют предметной проверки.",https://www.culture.ru/s/narodnye-promysly-rossii/,,Общий обзор; нужен предмет,Редакторское предложение; новая дата выпуска не назначена
13.11,Елецкое кружево: мелкая сетка держит рисунок,Что соединяет крупные элементы узора?,"Приблизить выбранную работу, найти связки между мотивами и проследить один участок.","Кандидат по названному промыслу. Обзор Культура.РФ — исходный ориентир; конкретная вещь, автор, дата и частные технологические сведения требуют предметной проверки.",https://www.culture.ru/s/narodnye-promysly-rossii/,,Общий обзор; нужен предмет,Редакторское предложение; новая дата выпуска не назначена
15.11,Кружево «Трактор»: техника принимает новый сюжет,Может ли народное кружево рассказывать о машине?,Найти трактор внутри орнамента музейного края; сравнить технический силуэт и кружевное решение.,"Предметная карточка кружевного края «Трактор»; хлопчатобумажная нить, сцепная техника. Автора и дату уточнить по полной карточке.",https://ar.culture.ru/ru/subject/kray-kruzhevnoy-traktor,,Есть адрес предметной карточки; сверить содержание и медиа,Редакторское предложение; новая дата выпуска не назначена
16.11,Павловопосадский платок: букет виден даже в складках,Как рисунок рассчитан на ношение?,"Сложить условный квадрат тремя способами; увидеть, какие части композиции остаются на виду.","Кандидат по названному промыслу. Обзор Культура.РФ — исходный ориентир; конкретная вещь, автор, дата и частные технологические сведения требуют предметной проверки.",https://www.culture.ru/s/narodnye-promysly-rossii/,,Общий обзор; нужен предмет,Редакторское предложение; новая дата выпуска не назначена
17.11,Оренбургский пуховый платок: тепло в тонкой нити,Как материал соединяет лёгкость и укрытие?,Под лупой сравнить пряжу и рисунок выбранного платка; документированные испытания показывать отдельно от легенд.,"Кандидат по названному промыслу. Обзор Культура.РФ — исходный ориентир; конкретная вещь, автор, дата и частные технологические сведения требуют предметной проверки.",https://www.culture.ru/s/narodnye-promysly-rossii/,,Общий обзор; нужен предмет,Редакторское предложение; новая дата выпуска не назначена
18.11,Каслинское литьё: металл передаёт мелкую форму,Как тяжёлый материал сохраняет тонкие детали?,Повернуть выбранную бытовую отливку; найти тонкие элементы и открыть этапы формы и литья по источнику.,"Кандидат по названному промыслу. Обзор Культура.РФ — исходный ориентир; конкретная вещь, автор, дата и частные технологические сведения требуют предметной проверки.",https://www.culture.ru/s/narodnye-promysly-rossii/,,Общий обзор; нужен предмет,Редакторское предложение; новая дата выпуска не назначена
19.11,Тагильский поднос: металл становится цветочным полем,"Что меняется, когда рисунок попадает на тёмную основу?",Наложить условную композицию на разные фоны; сравнить с атрибутированным подносом.,"Кандидат по названному промыслу. Обзор Культура.РФ — исходный ориентир; конкретная вещь, автор, дата и частные технологические сведения требуют предметной проверки.",https://www.culture.ru/s/narodnye-promysly-rossii/,,Общий обзор; нужен предмет,Редакторское предложение; новая дата выпуска не назначена
20.11,Шемогодская береста: узор прорезан насквозь,Как сохранить прочность вокруг тонких отверстий?,На условном фрагменте выделить перемычки; сопоставить их с выбранным резным изделием.,"Кандидат по названному промыслу. Обзор Культура.РФ — исходный ориентир; конкретная вещь, автор, дата и частные технологические сведения требуют предметной проверки.",https://www.culture.ru/s/narodnye-promysly-rossii/,,Общий обзор; нужен предмет,Редакторское предложение; новая дата выпуска не назначена
21.11,Вятский кап: дерево уже принесло свой рисунок,"Что здесь сделал мастер, а что выросло само?",Сопоставить заготовку и вещь; выделить природный рисунок и обработанную форму.,"Кандидат по названному промыслу. Обзор Культура.РФ — исходный ориентир; конкретная вещь, автор, дата и частные технологические сведения требуют предметной проверки.",https://www.culture.ru/s/narodnye-promysly-rossii/,,Общий обзор; нужен предмет,Редакторское предложение; новая дата выпуска не назначена
22.11,Холмогорская резьба по кости: маленькие просветы,Как ажурная деталь складывается в цельную вещь?,Увеличить выбранный образец; проследить границы вставки и способ её соединения с основой.,"Кандидат по названному промыслу. Обзор Культура.РФ — исходный ориентир; конкретная вещь, автор, дата и частные технологические сведения требуют предметной проверки.",https://www.culture.ru/s/narodnye-promysly-rossii/,,Общий обзор; нужен предмет,Редакторское предложение; новая дата выпуска не назначена
23.11,Тобольская костяная миниатюра: жест в малом масштабе,Можно ли узнать занятие человека по маленькой фигуре?,"Рассмотреть подписанную бытовую сцену с разных сторон; найти предмет, объясняющий действие.","Кандидат по названному промыслу. Обзор Культура.РФ — исходный ориентир; конкретная вещь, автор, дата и частные технологические сведения требуют предметной проверки.",https://www.culture.ru/s/narodnye-promysly-rossii/,,Общий обзор; нужен предмет,Редакторское предложение; новая дата выпуска не назначена
24.11,Абрамцево-кудринская резьба: листья выходят из поверхности,Как округлый рельеф создаёт игру света?,Передвинуть условный источник света над цифровым образцом; сравнить рельеф и плоский контур.,"Кандидат по названному промыслу. Обзор Культура.РФ — исходный ориентир; конкретная вещь, автор, дата и частные технологические сведения требуют предметной проверки.",https://www.culture.ru/s/narodnye-promysly-rossii/,,Общий обзор; нужен предмет,Редакторское предложение; новая дата выпуска не назначена
25.11,Дулёвская чашка: повседневная вещь несёт роспись,Почему рисунок должен учитывать ручку и край?,Разместить условный цветок на форме чашки; сопоставить с выбранным подписанным изделием.,"Кандидат по названному промыслу. Обзор Культура.РФ — исходный ориентир; конкретная вещь, автор, дата и частные технологические сведения требуют предметной проверки.",https://www.culture.ru/s/narodnye-promysly-rossii/,,Общий обзор; нужен предмет,Редакторское предложение; новая дата выпуска не назначена
26.11,Скопинский сосуд: гончарная форма становится затейливой,Где заканчивается ёмкость и начинается фигурный декор?,"Повернуть музейный образец; найти горло, ручку и декоративные части, прочитать их описание.","Кандидат по названному промыслу. Обзор Культура.РФ — исходный ориентир; конкретная вещь, автор, дата и частные технологические сведения требуют предметной проверки.",https://www.culture.ru/s/narodnye-promysly-rossii/,,Общий обзор; нужен предмет,Редакторское предложение; новая дата выпуска не назначена
27.11,Судогодская игрушка: местный почерк в маленькой вещи,"Чем интересен промысел, о котором редко слышат?",Сравнить подписанные местные образцы с другим центром; выделить только наблюдаемые отличия.,"Репортаж о выставке, 2024: судогодская игрушка из современных материалов в русском народном костюме. Это современная работа; автор и конкретный экземпляр ещё выбираются.",https://vladtv.ru/culture/152372/,,Запись/альбом/описание; проверить локальность и пригодность,Редакторское предложение; новая дата выпуска не назначена
28.11,Подпись мастера: увидеть человека за узором,Как перестать воспринимать промысел как безымянное производство?,Найти подпись или документированное имя у выбранной вещи; собрать короткую карточку автора.,"Кандидат по названному промыслу. Обзор Культура.РФ — исходный ориентир; конкретная вещь, автор, дата и частные технологические сведения требуют предметной проверки.",https://www.culture.ru/s/narodnye-promysly-rossii/,,Общий обзор; нужен предмет,Редакторское предложение; новая дата выпуска не назначена
29.11,Ученическая работа: ошибка показывает путь к умению,Что начинающий ещё не умеет делать автоматически?,С разрешения мастера сопоставить учебный и зрелый образцы; открыть конкретный освоенный приём.,"Кандидат по названному промыслу. Обзор Культура.РФ — исходный ориентир; конкретная вещь, автор, дата и частные технологические сведения требуют предметной проверки.",https://www.culture.ru/s/narodnye-promysly-rossii/,,Общий обзор; нужен предмет,Редакторское предложение; новая дата выпуска не назначена
01.12,Полушубок: тепло при свободных руках,Почему длинная шуба подходит не для всякого дела?,Сравнить два документированных силуэта верхней одежды; сопоставить длину с выбранным занятием.,Музейный альбом русских локальных костюмных комплексов; конкретный комплект уточняется перед страницей.,https://collection.ethnomuseum.ru/entity/ARTICLE/2311,,Запись/альбом/описание; проверить локальность и пригодность,Редакторское предложение; новая дата выпуска не назначена
02.12,Рукавицы: пальцы сохраняют тепло вместе,Как форма связана с работой на морозе?,"Рассмотреть выбранные рукавицы, найти следы износа и сопоставить материал с местным описанием.",Музейный альбом русских локальных костюмных комплексов; конкретный комплект уточняется перед страницей.,https://collection.ethnomuseum.ru/entity/ARTICLE/2311,,Запись/альбом/описание; проверить локальность и пригодность,Редакторское предложение; новая дата выпуска не назначена
03.12,Онучи: обувь начинается до лаптя,Что наматывали на ногу перед выходом?,По атрибутированной схеме собрать слои обувного комплекта; показать местный вариант без универсального рецепта.,Музейный альбом русских локальных костюмных комплексов; конкретный комплект уточняется перед страницей.,https://collection.ethnomuseum.ru/entity/ARTICLE/2311,,Запись/альбом/описание; проверить локальность и пригодность,Редакторское предложение; новая дата выпуска не назначена
05.12,Сани-розвальни: ширина ради груза,"Почему рабочие сани выглядят иначе, чем прогулочные?",Расположить условный хозяйственный груз на схеме; сравнить опоры с выбранным музейным образцом.,"Тема-кандидат в рамках экспозиции РЭМ о русских. Конкретный предмет, местность, дата и подтверждение частного сюжета ещё подбираются; обзор не заменяет предметную атрибуцию.",https://ethnomuseum.ru/exposition/permanent/russians/,,Общий обзор; нужен предмет,Редакторское предложение; новая дата выпуска не назначена
06.12,Дровни: запас тепла везут по снегу,Как уложить длинные поленья на короткую основу?,По документированной конструкции собрать условную укладку; увидеть связь груза и устройства саней.,"Тема-кандидат в рамках экспозиции РЭМ о русских. Конкретный предмет, местность, дата и подтверждение частного сюжета ещё подбираются; обзор не заменяет предметную атрибуцию.",https://ethnomuseum.ru/exposition/permanent/russians/,,Общий обзор; нужен предмет,Редакторское предложение; новая дата выпуска не назначена
07.12,Дровяная поленница: порядок помогает запасу,Почему поленья не просто сваливают у стены?,Сравнить два способа условной укладки с музейной фотографией; раскрыть выбранный хозяйственный приём.,"Тема-кандидат в рамках экспозиции РЭМ о русских. Конкретный предмет, местность, дата и подтверждение частного сюжета ещё подбираются; обзор не заменяет предметную атрибуцию.",https://ethnomuseum.ru/exposition/permanent/russians/,,Общий обзор; нужен предмет,Редакторское предложение; новая дата выпуска не назначена
08.12,Печной заслон: небольшая деталь большого очага,"Что меняется, когда устье печи закрывают?",На музейной схеме найти заслон и его место; показать назначение без инструкции по эксплуатации печи.,"Тема-кандидат в рамках экспозиции РЭМ о русских. Конкретный предмет, местность, дата и подтверждение частного сюжета ещё подбираются; обзор не заменяет предметную атрибуцию.",https://ethnomuseum.ru/exposition/permanent/russians/,,Общий обзор; нужен предмет,Редакторское предложение; новая дата выпуска не назначена
10.12,Печурка: у печи есть маленькие ниши,Что можно узнать о быте по углублению в стенке?,На выбранном разрезе найти печурки; раскрыть документированное использование каждой.,"Тема-кандидат в рамках экспозиции РЭМ о русских. Конкретный предмет, местность, дата и подтверждение частного сюжета ещё подбираются; обзор не заменяет предметную атрибуцию.",https://ethnomuseum.ru/exposition/permanent/russians/,,Общий обзор; нужен предмет,Редакторское предложение; новая дата выпуска не назначена
14.12,Деревянная шкатулка с секретом: сохранить личное,Какие вещи хозяин держал отдельно от повседневных?,По описи выбранного предмета связать отделения с содержимым; реконструкцию наполнения явно подписать.,"Тема-кандидат в рамках экспозиции РЭМ о русских. Конкретный предмет, местность, дата и подтверждение частного сюжета ещё подбираются; обзор не заменяет предметную атрибуцию.",https://ethnomuseum.ru/exposition/permanent/russians/,,Общий обзор; нужен предмет,Редакторское предложение; новая дата выпуска не назначена
15.12,Лубочная картинка: рассказ читают глазами,Как изображение и подпись работают вместе?,Разобрать один выбранный бытовой лубок на эпизоды; соединить каждый с соответствующей строкой.,"Тема-кандидат в рамках экспозиции РЭМ о русских. Конкретный предмет, местность, дата и подтверждение частного сюжета ещё подбираются; обзор не заменяет предметную атрибуцию.",https://ethnomuseum.ru/exposition/permanent/russians/,,Общий обзор; нужен предмет,Редакторское предложение; новая дата выпуска не назначена
24.12,Штопка: восстановить ткань внутри отверстия,"Можно ли починить вещь, повторив её структуру?",На условной сетке восстановить основу и уток; затем рассмотреть след штопки на атрибутированной вещи.,Музейный альбом русских локальных костюмных комплексов; конкретный комплект уточняется перед страницей.,https://collection.ethnomuseum.ru/entity/ARTICLE/2311,,Запись/альбом/описание; проверить локальность и пригодность,Редакторское предложение; новая дата выпуска не назначена
26.12,Бумажная гирлянда: праздник собирают всей семьёй,Как простое повторение превращается в украшение комнаты?,Составить условную цепочку элементов; сопоставить с датированной фотографией домашнего праздника.,"Тема-кандидат в рамках экспозиции РЭМ о русских. Конкретный предмет, местность, дата и подтверждение частного сюжета ещё подбираются; обзор не заменяет предметную атрибуцию.",https://ethnomuseum.ru/exposition/permanent/russians/,Исходник о сборке бумажной цепочки; семейный вечер потребует нового сценария второго музея.,Общий обзор; нужен предмет,Редакторское предложение; новая дата выпуска не назначена
27.12,Стеклянные бусы на ёлке: узор тянется по веткам,Чем длинное украшение отличается от отдельной игрушки?,На условной ёлке проложить линию бус; рассмотреть выбранный датированный музейный образец.,"Тема-кандидат в рамках экспозиции РЭМ о русских. Конкретный предмет, местность, дата и подтверждение частного сюжета ещё подбираются; обзор не заменяет предметную атрибуцию.",https://ethnomuseum.ru/exposition/permanent/russians/,,Общий обзор; нужен предмет,Редакторское предложение; новая дата выпуска не назначена
30.12,Новая вещь по старому приёму: традиция продолжается,"Как мастер сохраняет навык, меняя назначение изделия?",Сравнить исторический образец и подписанную современную работу одного промысла; отметить сохранённый приём.,"Кандидат по названному промыслу. Обзор Культура.РФ — исходный ориентир; конкретная вещь, автор, дата и частные технологические сведения требуют предметной проверки.",https://www.culture.ru/s/narodnye-promysly-rossii/,,Общий обзор; нужен предмет,Редакторское предложение; новая дата выпуска не назначена
